"2025-06-12 22:21:05","Observed","1","3","1_3","CC-CR",NA,NA,NA,NA,NA,NA,NA,NA,NA,NA,NA,NA,NA,NA,NA,NA,NA,NA,NA,NA,NA,NA,NA,NA,NA,NA,NA,NA,NA,NA,NA,NA,NA,NA,NA,NA,NA,NA,NA,NA,NA,NA,NA,NA,NA,NA,NA,NA,NA,NA,NA,NA,NA,NA,NA,NA,NA,NA,NA,NA,NA,NA,NA,NA,NA,NA,NA,NA,NA,NA,NA,NA,NA,NA,NA,NA,NA,"0.175645454545451",NA,"0.53",NA,"0.0357818181818164",NA,"0.12",NA,"0.0807060606060593",NA,"0.6",NA,"0.872157073695679",NA,"0.09",NA,"0.0474625468164741",NA,"0.02",NA,"-7.90582853568845e-05",NA,"0",NA,"0.060839707661915",NA,"0",NA,"-0.000193895148183208",NA,"0",NA,"0.000131996821925542",NA,"0.03",NA,"0.0715333333333298",NA,"0.05",NA,NA,NA,NA,NA,NA,NA,NA,NA
"2025-06-12 22:45:26","Observed","1","53","1_53","RR00-CR",NA,NA,NA,NA,NA,NA,NA,NA,NA,NA,NA,NA,NA,NA,NA,NA,NA,NA,NA,NA,NA,NA,NA,NA,NA,NA,NA,NA,NA,NA,NA,NA,NA,NA,NA,NA,NA,NA,NA,NA,NA,NA,NA,NA,NA,NA,NA,NA,NA,NA,NA,NA,NA,NA,NA,NA,NA,NA,NA,NA,NA,NA,NA,NA,NA,NA,NA,NA,NA,NA,NA,NA,NA,NA,NA,NA,NA,"0.0596275818902573",NA,"0.08",NA,"0.0354418944293775",NA,"0.17",NA,"0.0839",NA,"0.39",NA,"0.306809888829209",NA,"0.03",NA,"-0.184244499063672",NA,"0.24",NA,"-8.49338491581378e-05",NA,"0",NA,"0.0510049988119919",NA,"0",NA,"4.78450342713599e-05",NA,"0",NA,"0.000141415855941766",NA,"0.04",NA,"0.0709752688172026",NA,"0.05",NA,NA,NA,NA,NA,NA,NA,NA,NA
"2025-06-12 22:55:51","Observed","1","56","1_56","RR00-NT-CR",NA,NA,NA,NA,NA,NA,NA,NA,NA,NA,NA,NA,NA,NA,NA,NA,NA,NA,NA,NA,NA,NA,NA,NA,NA,NA,NA,NA,NA,NA,NA,NA,NA,NA,NA,NA,NA,NA,NA,NA,NA,NA,NA,NA,NA,NA,NA,NA,NA,NA,NA,NA,NA,NA,NA,NA,NA,NA,NA,NA,NA,NA,NA,NA,NA,NA,NA,NA,NA,NA,NA,NA,NA,NA,NA,NA,NA,"0.151485916962238",NA,"0.35",NA,"0.0411746296682675",NA,"0.28",NA,"0.0787666666666667",NA,"0.43",NA,"0.312365519096375",NA,"0.03",NA,"-0.156899578651686",NA,"0.22",NA,"-0.00014777048403858",NA,"0",NA,"-0.0108491413103267",NA,"0",NA,"6.56370487913947e-05",NA,"0",NA,"0.000199913473381385",NA,"0.08",NA,"-0.0497311827956995",NA,"0.03",NA,NA,NA,NA,NA,NA,NA,NA,NA
"2025-06-13 14:32:29","Observed","1","53","1_53","RR00-CR",NA,NA,NA,NA,NA,NA,NA,NA,NA,NA,NA,NA,NA,NA,NA,NA,NA,NA,NA,NA,NA,NA,NA,NA,NA,NA,NA,NA,NA,NA,NA,NA,NA,NA,NA,NA,NA,NA,NA,NA,NA,NA,NA,NA,NA,NA,NA,NA,NA,NA,NA,NA,NA,NA,NA,NA,NA,NA,NA,NA,NA,NA,NA,NA,NA,NA,NA,NA,NA,NA,NA,NA,NA,NA,NA,NA,NA,"0.0596275818902573",NA,"0.08",NA,"0.0354418944293775",NA,"0.17",NA,"0.0839",NA,"0.39",NA,"0.306809888829209",NA,"0.03",NA,"-0.184244499063672",NA,"0.24",NA,"-8.49338491581378e-05",NA,"0",NA,"0.0510049988119919",NA,"0",NA,"4.78450342713599e-05",NA,"0",NA,"0.000141415855941766",NA,"0.04",NA,"0.0709752688172026",NA,"0.05",NA,NA,NA,NA,NA,NA,NA,NA,NA
"2025-06-13 15:18:16","Observed","1","53","1_53","RR00-CR",NA,NA,NA,NA,NA,NA,NA,NA,NA,NA,NA,NA,NA,NA,NA,NA,NA,NA,NA,NA,NA,NA,NA,NA,NA,NA,NA,NA,NA,NA,NA,NA,NA,NA,NA,NA,NA,NA,NA,NA,NA,NA,NA,NA,NA,NA,NA,NA,NA,NA,NA,NA,NA,NA,NA,NA,NA,NA,NA,NA,NA,NA,NA,NA,NA,NA,NA,NA,NA,NA,NA,NA,NA,NA,NA,NA,NA,"0.0596275818902573",NA,"0.08",NA,"0.0354418944293775",NA,"0.17",NA,"0.0839",NA,"0.39",NA,"0.306809888829209",NA,"0.03",NA,"-0.184244499063672",NA,"0.24",NA,"-8.49338491581378e-05",NA,"0",NA,"0.0510049988119919",NA,"0",NA,"4.78450342713599e-05",NA,"0",NA,"0.000141415855941766",NA,"0.04",NA,"0.0709752688172026",NA,"0.05",NA,NA,NA,NA,NA,NA,NA,NA,NA
"2025-06-13 15:24:52","Observed","1","53","1_53","RR00-CR",NA,NA,NA,NA,NA,NA,NA,NA,NA,NA,NA,NA,NA,NA,NA,NA,NA,NA,NA,NA,NA,NA,NA,NA,NA,NA,NA,NA,NA,NA,NA,NA,NA,NA,NA,NA,NA,NA,NA,NA,NA,NA,NA,NA,NA,NA,NA,NA,NA,NA,NA,NA,NA,NA,NA,NA,NA,NA,NA,NA,NA,NA,NA,NA,NA,NA,NA,NA,NA,NA,NA,NA,NA,NA,NA,NA,NA,"0.0596275818902573",NA,"0.08",NA,"0.0354418944293775",NA,"0.17",NA,"0.0839",NA,"0.39",NA,"0.306809888829209",NA,"0.03",NA,"-0.184244499063672",NA,"0.24",NA,"-8.49338491581378e-05",NA,"0",NA,"0.0510049988119919",NA,"0",NA,"4.78450342713599e-05",NA,"0",NA,"0.000141415855941766",NA,"0.04",NA,"0.0709752688172026",NA,"0.05",NA,NA,NA,NA,NA,NA,NA,NA,NA
"2025-06-13 15:25:18","Observed","1","53","1_53","RR00-CR",NA,NA,NA,NA,NA,NA,NA,NA,NA,NA,NA,NA,NA,NA,NA,NA,NA,NA,NA,NA,NA,NA,NA,NA,NA,NA,NA,NA,NA,NA,NA,NA,NA,NA,NA,NA,NA,NA,NA,NA,NA,NA,NA,NA,NA,NA,NA,NA,NA,NA,NA,NA,NA,NA,NA,NA,NA,NA,NA,NA,NA,NA,NA,NA,NA,NA,NA,NA,NA,NA,NA,NA,NA,NA,NA,NA,NA,"0.0596275818902573",NA,"0.08",NA,"0.0354418944293775",NA,"0.17",NA,"0.0839",NA,"0.39",NA,"0.306809888829209",NA,"0.03",NA,"-0.184244499063672",NA,"0.24",NA,"-8.49338491581378e-05",NA,"0",NA,"0.0510049988119919",NA,"0",NA,"4.78450342713599e-05",NA,"0",NA,"0.000141415855941766",NA,"0.04",NA,"0.0709752688172026",NA,"0.05",NA,NA,NA,NA,NA,NA,NA,NA,NA
"2025-06-13 15:25:32","Observed","1","53","1_53","RR00-CR",NA,NA,NA,NA,NA,NA,NA,NA,NA,NA,NA,NA,NA,NA,NA,NA,NA,NA,NA,NA,NA,NA,NA,NA,NA,NA,NA,NA,NA,NA,NA,NA,NA,NA,NA,NA,NA,NA,NA,NA,NA,NA,NA,NA,NA,NA,NA,NA,NA,NA,NA,NA,NA,NA,NA,NA,NA,NA,NA,NA,NA,NA,NA,NA,NA,NA,NA,NA,NA,NA,NA,NA,NA,NA,NA,NA,NA,"0.0596275818902573",NA,"0.08",NA,"0.0354418944293775",NA,"0.17",NA,"0.0839",NA,"0.39",NA,"0.306809888829209",NA,"0.03",NA,"-0.184244499063672",NA,"0.24",NA,"-8.49338491581378e-05",NA,"0",NA,"0.0510049988119919",NA,"0",NA,"4.78450342713599e-05",NA,"0",NA,"0.000141415855941766",NA,"0.04",NA,"0.0709752688172026",NA,"0.05",NA,NA,NA,NA,NA,NA,NA,NA,NA
"2025-06-13 15:35:19","Observed","1","53","1_53","RR00-CR",NA,NA,NA,NA,NA,NA,NA,NA,NA,NA,NA,NA,NA,NA,NA,NA,NA,NA,NA,NA,NA,NA,NA,NA,NA,NA,NA,NA,NA,NA,NA,NA,NA,NA,NA,NA,NA,NA,NA,NA,NA,NA,NA,NA,NA,NA,NA,NA,NA,NA,NA,NA,NA,NA,NA,NA,NA,NA,NA,NA,NA,NA,NA,NA,NA,NA,NA,NA,NA,NA,NA,NA,NA,NA,NA,NA,NA,"0.0596275818902573",NA,"0.08",NA,"0.0354418944293775",NA,"0.17",NA,"0.0839",NA,"0.39",NA,"0.306809888829209",NA,"0.03",NA,"-0.184244499063672",NA,"0.24",NA,"-8.49338491581378e-05",NA,"0",NA,"0.0510049988119919",NA,"0",NA,"4.78450342713599e-05",NA,"0",NA,"0.000141415855941766",NA,"0.04",NA,"0.0709752688172026",NA,"0.05",NA,NA,NA,NA,NA,NA,NA,NA,NA
"2025-06-13 15:42:31","Observed","1","53","1_53","RR00-CR",NA,NA,NA,NA,NA,NA,NA,NA,NA,NA,NA,NA,NA,NA,NA,NA,NA,NA,NA,NA,NA,NA,NA,NA,NA,NA,NA,NA,NA,NA,NA,NA,NA,NA,NA,NA,NA,NA,NA,NA,NA,NA,NA,NA,NA,NA,NA,NA,NA,NA,NA,NA,NA,NA,NA,NA,NA,NA,NA,NA,NA,NA,NA,NA,NA,NA,NA,NA,NA,NA,NA,NA,NA,NA,NA,NA,NA,"0.0596275818902573",NA,"0.08",NA,"0.0354418944293775",NA,"0.17",NA,"0.0839",NA,"0.39",NA,"0.306809888829209",NA,"0.03",NA,"-0.184244499063672",NA,"0.24",NA,"-8.49338491581378e-05",NA,"0",NA,"0.0510049988119919",NA,"0",NA,"4.78450342713599e-05",NA,"0",NA,"0.000141415855941766",NA,"0.04",NA,"0.0709752688172026",NA,"0.05",NA,NA,NA,NA,NA,NA,NA,NA,NA
"2025-06-13 15:56:24","Observed","1","53","1_53","RR00-CR",NA,NA,NA,NA,NA,NA,NA,NA,NA,NA,NA,NA,NA,NA,NA,NA,NA,NA,NA,NA,NA,NA,NA,NA,NA,NA,NA,NA,NA,NA,NA,NA,NA,NA,NA,NA,NA,NA,NA,NA,NA,NA,NA,NA,NA,NA,NA,NA,NA,NA,NA,NA,NA,NA,NA,NA,NA,NA,NA,NA,NA,NA,NA,NA,NA,NA,NA,NA,NA,NA,NA,NA,NA,NA,NA,NA,NA,"0.0596275818902573",NA,"0.08",NA,"0.0354418944293775",NA,"0.17",NA,"0.0839",NA,"0.39",NA,"0.306809888829209",NA,"0.03",NA,"-0.184244499063672",NA,"0.24",NA,"-8.49338491581378e-05",NA,"0",NA,"0.0510049988119919",NA,"0",NA,"4.78450342713599e-05",NA,"0",NA,"0.000141415855941766",NA,"0.04",NA,"0.0709752688172026",NA,"0.05",NA,NA,NA,NA,NA,NA,NA,NA,NA
"2025-06-13 16:15:08","Observed","1","53","1_53","RR00-CR",NA,NA,NA,NA,NA,NA,NA,NA,NA,NA,NA,NA,NA,NA,NA,NA,NA,NA,NA,NA,NA,NA,NA,NA,NA,NA,NA,NA,NA,NA,NA,NA,NA,NA,NA,NA,NA,NA,NA,NA,NA,NA,NA,NA,NA,NA,NA,NA,NA,NA,NA,NA,NA,NA,NA,NA,NA,NA,NA,NA,NA,NA,NA,NA,NA,NA,NA,NA,NA,NA,NA,NA,NA,NA,NA,NA,NA,"0.0596275818902573",NA,"0.08",NA,"0.0354418944293775",NA,"0.17",NA,"0.0839",NA,"0.39",NA,"0.306809888829209",NA,"0.03",NA,"-0.184244499063672",NA,"0.24",NA,"-8.49338491581378e-05",NA,"0",NA,"0.0510049988119919",NA,"0",NA,"4.78450342713599e-05",NA,"0",NA,"0.000141415855941766",NA,"0.04",NA,"0.0709752688172026",NA,"0.05",NA,NA,NA,NA,NA,NA,NA,NA,NA
"2025-06-13 16:15:16","Observed","1","56","1_56","RR00-NT-CR",NA,NA,NA,NA,NA,NA,NA,NA,NA,NA,NA,NA,NA,NA,NA,NA,NA,NA,NA,NA,NA,NA,NA,NA,NA,NA,NA,NA,NA,NA,NA,NA,NA,NA,NA,NA,NA,NA,NA,NA,NA,NA,NA,NA,NA,NA,NA,NA,NA,NA,NA,NA,NA,NA,NA,NA,NA,NA,NA,NA,NA,NA,NA,NA,NA,NA,NA,NA,NA,NA,NA,NA,NA,NA,NA,NA,NA,"0.151485916962238",NA,"0.35",NA,"0.0411746296682675",NA,"0.28",NA,"0.0787666666666667",NA,"0.43",NA,"0.312365519096375",NA,"0.03",NA,"-0.156899578651686",NA,"0.22",NA,"-0.00014777048403858",NA,"0",NA,"-0.0108491413103267",NA,"0",NA,"6.56370487913947e-05",NA,"0",NA,"0.000199913473381385",NA,"0.08",NA,"-0.0497311827956995",NA,"0.03",NA,NA,NA,NA,NA,NA,NA,NA,NA
"2025-06-13 16:21:32","Observed","1","3","1_3","CC-CR",NA,NA,NA,NA,NA,NA,NA,NA,NA,NA,NA,NA,NA,NA,NA,NA,NA,NA,NA,NA,NA,NA,NA,NA,NA,NA,NA,NA,NA,NA,NA,NA,NA,NA,NA,NA,NA,NA,NA,NA,NA,NA,NA,NA,NA,NA,NA,NA,NA,NA,NA,NA,NA,NA,NA,NA,NA,NA,NA,NA,NA,NA,NA,NA,NA,NA,NA,NA,NA,NA,NA,NA,NA,NA,NA,NA,NA,"0.175645454545451",NA,"0.53",NA,"0.0357818181818164",NA,"0.12",NA,"0.0807060606060593",NA,"0.6",NA,"0.872157073695679",NA,"0.09",NA,"0.0474625468164741",NA,"0.02",NA,"-7.90582853568845e-05",NA,"0",NA,"0.060839707661915",NA,"0",NA,"-0.000193895148183208",NA,"0",NA,"0.000131996821925542",NA,"0.03",NA,"0.0715333333333298",NA,"0.05",NA,NA,NA,NA,NA,NA,NA,NA,NA
"2025-06-13 16:21:49","Observed","1","3","1_3","CC-CR",NA,NA,NA,NA,NA,NA,NA,NA,NA,NA,NA,NA,NA,NA,NA,NA,NA,NA,NA,NA,NA,NA,NA,NA,NA,NA,NA,NA,NA,NA,NA,NA,NA,NA,NA,NA,NA,NA,NA,NA,NA,NA,NA,NA,NA,NA,NA,NA,NA,NA,NA,NA,NA,NA,NA,NA,NA,NA,NA,NA,NA,NA,NA,NA,NA,NA,NA,NA,NA,NA,NA,NA,NA,NA,NA,NA,NA,"0.175645454545451",NA,"0.53",NA,"0.0357818181818164",NA,"0.12",NA,"0.0807060606060593",NA,"0.6",NA,"0.872157073695679",NA,"0.09",NA,"0.0474625468164741",NA,"0.02",NA,"-7.90582853568845e-05",NA,"0",NA,"0.060839707661915",NA,"0",NA,"-0.000193895148183208",NA,"0",NA,"0.000131996821925542",NA,"0.03",NA,"0.0715333333333298",NA,"0.05",NA,NA,NA,NA,NA,NA,NA,NA,NA
"2025-06-13 16:32:18","Observed","1","53","1_53","RR00-CR",NA,NA,NA,NA,NA,NA,NA,NA,NA,NA,NA,NA,NA,NA,NA,NA,NA,NA,NA,NA,NA,NA,NA,NA,NA,NA,NA,NA,NA,NA,NA,NA,NA,NA,NA,NA,NA,NA,NA,NA,NA,NA,NA,NA,NA,NA,NA,NA,NA,NA,NA,NA,NA,NA,NA,NA,NA,NA,NA,NA,NA,NA,NA,NA,NA,NA,NA,NA,NA,NA,NA,NA,NA,NA,NA,NA,NA,"0.0596275818902573",NA,"0.08",NA,"0.0354418944293775",NA,"0.17",NA,"0.0839",NA,"0.39",NA,"0.306809888829209",NA,"0.03",NA,"-0.184244499063672",NA,"0.24",NA,"-8.49338491581378e-05",NA,"0",NA,"0.0510049988119919",NA,"0",NA,"4.78450342713599e-05",NA,"0",NA,"0.000141415855941766",NA,"0.04",NA,"0.0709752688172026",NA,"0.05",NA,NA,NA,NA,NA,NA,NA,NA,NA
"2025-06-13 16:42:40","Observed","1","56","1_56","RR00-NT-CR",NA,NA,NA,NA,NA,NA,NA,NA,NA,NA,NA,NA,NA,NA,NA,NA,NA,NA,NA,NA,NA,NA,NA,NA,NA,NA,NA,NA,NA,NA,NA,NA,NA,NA,NA,NA,NA,NA,NA,NA,NA,NA,NA,NA,NA,NA,NA,NA,NA,NA,NA,NA,NA,NA,NA,NA,NA,NA,NA,NA,NA,NA,NA,NA,NA,NA,NA,NA,NA,NA,NA,NA,NA,NA,NA,NA,NA,"0.151485916962238",NA,"0.35",NA,"0.0411746296682675",NA,"0.28",NA,"0.0787666666666667",NA,"0.43",NA,"0.312365519096375",NA,"0.03",NA,"-0.156899578651686",NA,"0.22",NA,"-0.00014777048403858",NA,"0",NA,"-0.0108491413103267",NA,"0",NA,"6.56370487913947e-05",NA,"0",NA,"0.000199913473381385",NA,"0.08",NA,"-0.0497311827956995",NA,"0.03",NA,NA,NA,NA,NA,NA,NA,NA,NA
"2025-06-13 20:29:23","Observed","1","56","1_56","RR00-NT-CR",NA,NA,NA,NA,NA,NA,NA,NA,NA,NA,NA,NA,NA,NA,NA,NA,NA,NA,NA,NA,NA,NA,NA,NA,NA,NA,NA,NA,NA,NA,NA,NA,NA,NA,NA,NA,NA,NA,NA,NA,NA,NA,NA,NA,NA,NA,NA,NA,NA,NA,NA,NA,NA,NA,NA,NA,NA,NA,NA,NA,NA,NA,NA,NA,NA,NA,NA,NA,NA,NA,NA,NA,NA,NA,NA,NA,NA,"0.151485916962238",NA,"0.35",NA,"0.0411746296682675",NA,"0.28",NA,"0.0787666666666667",NA,"0.43",NA,"0.312365519096375",NA,"0.03",NA,"-0.156899578651686",NA,"0.22",NA,"-0.00014777048403858",NA,"0",NA,"-0.0108491413103267",NA,"0",NA,"6.56370487913947e-05",NA,"0",NA,"0.000199913473381385",NA,"0.08",NA,"-0.0497311827956995",NA,"0.03",NA,NA,NA,NA,NA,NA,NA,NA,NA
"2025-06-13 20:31:04","Observed","1","53","1_53","RR00-CR",NA,NA,NA,NA,NA,NA,NA,NA,NA,NA,NA,NA,NA,NA,NA,NA,NA,NA,NA,NA,NA,NA,NA,NA,NA,NA,NA,NA,NA,NA,NA,NA,NA,NA,NA,NA,NA,NA,NA,NA,NA,NA,NA,NA,NA,NA,NA,NA,NA,NA,NA,NA,NA,NA,NA,NA,NA,NA,NA,NA,NA,NA,NA,NA,NA,NA,NA,NA,NA,NA,NA,NA,NA,NA,NA,NA,NA,"0.0596275818902573",NA,"0.08",NA,"0.0354418944293775",NA,"0.17",NA,"0.0839",NA,"0.39",NA,"0.306809888829209",NA,"0.03",NA,"-0.184244499063672",NA,"0.24",NA,"-8.49338491581378e-05",NA,"0",NA,"0.0510049988119919",NA,"0",NA,"4.78450342713599e-05",NA,"0",NA,"0.000141415855941766",NA,"0.04",NA,"0.0709752688172026",NA,"0.05",NA,NA,NA,NA,NA,NA,NA,NA,NA
"2025-06-13 20:32:49","Observed","1","53","1_53","RR00-CR",NA,NA,NA,NA,NA,NA,NA,NA,NA,NA,NA,NA,NA,NA,NA,NA,NA,NA,NA,NA,NA,NA,NA,NA,NA,NA,NA,NA,NA,NA,NA,NA,NA,NA,NA,NA,NA,NA,NA,NA,NA,NA,NA,NA,NA,NA,NA,NA,NA,NA,NA,NA,NA,NA,NA,NA,NA,NA,NA,NA,NA,NA,NA,NA,NA,NA,NA,NA,NA,NA,NA,NA,NA,NA,NA,NA,NA,"0.0596275818902573",NA,"0.08",NA,"0.0354418944293775",NA,"0.17",NA,"0.0839",NA,"0.39",NA,"0.306809888829209",NA,"0.03",NA,"-0.184244499063672",NA,"0.24",NA,"-8.49338491581378e-05",NA,"0",NA,"0.0510049988119919",NA,"0",NA,"4.78450342713599e-05",NA,"0",NA,"0.000141415855941766",NA,"0.04",NA,"0.0709752688172026",NA,"0.05",NA,NA,NA,NA,NA,NA,NA,NA,NA
"2025-06-13 20:38:55","Observed","1","3","1_3","CC-CR",NA,NA,NA,NA,NA,NA,NA,NA,NA,NA,NA,NA,NA,NA,NA,NA,NA,NA,NA,NA,NA,NA,NA,NA,NA,NA,NA,NA,NA,NA,NA,NA,NA,NA,NA,NA,NA,NA,NA,NA,NA,NA,NA,NA,NA,NA,NA,NA,NA,NA,NA,NA,NA,NA,NA,NA,NA,NA,NA,NA,NA,NA,NA,NA,NA,NA,NA,NA,NA,NA,NA,NA,NA,NA,NA,NA,NA,"0.175645454545451",NA,"0.53",NA,"0.0357818181818164",NA,"0.12",NA,"0.0807060606060593",NA,"0.6",NA,"0.872157073695679",NA,"0.09",NA,"0.0474625468164741",NA,"0.02",NA,"-7.90582853568845e-05",NA,"0",NA,"0.060839707661915",NA,"0",NA,"-0.000193895148183208",NA,"0",NA,"0.000131996821925542",NA,"0.03",NA,"0.0715333333333298",NA,"0.05",NA,NA,NA,NA,NA,NA,NA,NA,NA
"2025-06-13 20:49:20","Observed","1","53","1_53","RR00-CR",NA,NA,NA,NA,NA,NA,NA,NA,NA,NA,NA,NA,NA,NA,NA,NA,NA,NA,NA,NA,NA,NA,NA,NA,NA,NA,NA,NA,NA,NA,NA,NA,NA,NA,NA,NA,NA,NA,NA,NA,NA,NA,NA,NA,NA,NA,NA,NA,NA,NA,NA,NA,NA,NA,NA,NA,NA,NA,NA,NA,NA,NA,NA,NA,NA,NA,NA,NA,NA,NA,NA,NA,NA,NA,NA,NA,NA,"0.0596275818902573",NA,"0.08",NA,"0.0354418944293775",NA,"0.17",NA,"0.0839",NA,"0.39",NA,"0.306809888829209",NA,"0.03",NA,"-0.184244499063672",NA,"0.24",NA,"-8.49338491581378e-05",NA,"0",NA,"0.0510049988119919",NA,"0",NA,"4.78450342713599e-05",NA,"0",NA,"0.000141415855941766",NA,"0.04",NA,"0.0709752688172026",NA,"0.05",NA,NA,NA,NA,NA,NA,NA,NA,NA
"2025-06-13 20:59:39","Observed","1","56","1_56","RR00-NT-CR",NA,NA,NA,NA,NA,NA,NA,NA,NA,NA,NA,NA,NA,NA,NA,NA,NA,NA,NA,NA,NA,NA,NA,NA,NA,NA,NA,NA,NA,NA,NA,NA,NA,NA,NA,NA,NA,NA,NA,NA,NA,NA,NA,NA,NA,NA,NA,NA,NA,NA,NA,NA,NA,NA,NA,NA,NA,NA,NA,NA,NA,NA,NA,NA,NA,NA,NA,NA,NA,NA,NA,NA,NA,NA,NA,NA,NA,"0.151485916962238",NA,"0.35",NA,"0.0411746296682675",NA,"0.28",NA,"0.0787666666666667",NA,"0.43",NA,"0.312365519096375",NA,"0.03",NA,"-0.156899578651686",NA,"0.22",NA,"-0.00014777048403858",NA,"0",NA,"-0.0108491413103267",NA,"0",NA,"6.56370487913947e-05",NA,"0",NA,"0.000199913473381385",NA,"0.08",NA,"-0.0497311827956995",NA,"0.03",NA,NA,NA,NA,NA,NA,NA,NA,NA
"2025-06-14 09:32:52","Observed","1","53","1_53","RR00-CR",NA,NA,NA,NA,NA,NA,NA,NA,NA,NA,NA,NA,NA,NA,NA,NA,NA,NA,NA,NA,NA,NA,NA,NA,NA,NA,NA,NA,NA,NA,NA,NA,NA,NA,NA,NA,NA,NA,NA,NA,NA,NA,NA,NA,NA,NA,NA,NA,NA,NA,NA,NA,NA,NA,NA,NA,NA,NA,NA,NA,NA,NA,NA,NA,NA,NA,NA,NA,NA,NA,NA,NA,NA,NA,NA,NA,NA,"0.0596275818902573",NA,"0.08",NA,"0.0354418944293775",NA,"0.17",NA,"0.0839",NA,"0.39",NA,"0.306809888829209",NA,"0.03",NA,"-0.184244499063672",NA,"0.24",NA,"-8.49338491581378e-05",NA,"0",NA,"0.0510049988119919",NA,"0",NA,"4.78450342713599e-05",NA,"0",NA,"0.000141415855941766",NA,"0.04",NA,"0.0709752688172026",NA,"0.05",NA,NA,NA,NA,NA,NA,NA,NA,NA
"2025-06-14 09:45:21","Observed","1","3","1_3","CC-CR",NA,NA,NA,NA,NA,NA,NA,NA,NA,NA,NA,NA,NA,NA,NA,NA,NA,NA,NA,NA,NA,NA,NA,NA,NA,NA,NA,NA,NA,NA,NA,NA,NA,NA,NA,NA,NA,NA,NA,NA,NA,NA,NA,NA,NA,NA,NA,NA,NA,NA,NA,NA,NA,NA,NA,NA,NA,NA,NA,NA,NA,NA,NA,NA,NA,NA,NA,NA,NA,NA,NA,NA,NA,NA,NA,NA,NA,"0.175645454545451",NA,"0.53",NA,"0.0357818181818164",NA,"0.12",NA,"0.0807060606060593",NA,"0.6",NA,"0.872157073695679",NA,"0.09",NA,"0.0474625468164741",NA,"0.02",NA,"-7.90582853568845e-05",NA,"0",NA,"0.060839707661915",NA,"0",NA,"-0.000193895148183208",NA,"0",NA,"0.000131996821925542",NA,"0.03",NA,"0.0715333333333298",NA,"0.05",NA,NA,NA,NA,NA,NA,NA,NA,NA
"2025-06-14 10:11:00","Observed","1","53","1_53","RR00-CR",NA,NA,NA,NA,NA,NA,NA,NA,NA,NA,NA,NA,NA,NA,NA,NA,NA,NA,NA,NA,NA,NA,NA,NA,NA,NA,NA,NA,NA,NA,NA,NA,NA,NA,NA,NA,NA,NA,NA,NA,NA,NA,NA,NA,NA,NA,NA,NA,NA,NA,NA,NA,NA,NA,NA,NA,NA,NA,NA,NA,NA,NA,NA,NA,NA,NA,NA,NA,NA,NA,NA,NA,NA,NA,NA,NA,NA,"0.0596275818902573",NA,"0.08",NA,"0.0354418944293775",NA,"0.17",NA,"0.0839",NA,"0.39",NA,"0.306809888829209",NA,"0.03",NA,"-0.184244499063672",NA,"0.24",NA,"-8.49338491581378e-05",NA,"0",NA,"0.0510049988119919",NA,"0",NA,"4.78450342713599e-05",NA,"0",NA,"0.000141415855941766",NA,"0.04",NA,"0.0709752688172026",NA,"0.05",NA,NA,NA,NA,NA,NA,NA,NA,NA
"2025-06-14 10:21:59","Observed","1","56","1_56","RR00-NT-CR",NA,NA,NA,NA,NA,NA,NA,NA,NA,NA,NA,NA,NA,NA,NA,NA,NA,NA,NA,NA,NA,NA,NA,NA,NA,NA,NA,NA,NA,NA,NA,NA,NA,NA,NA,NA,NA,NA,NA,NA,NA,NA,NA,NA,NA,NA,NA,NA,NA,NA,NA,NA,NA,NA,NA,NA,NA,NA,NA,NA,NA,NA,NA,NA,NA,NA,NA,NA,NA,NA,NA,NA,NA,NA,NA,NA,NA,"0.151485916962238",NA,"0.35",NA,"0.0411746296682675",NA,"0.28",NA,"0.0787666666666667",NA,"0.43",NA,"0.312365519096375",NA,"0.03",NA,"-0.156899578651686",NA,"0.22",NA,"-0.00014777048403858",NA,"0",NA,"-0.0108491413103267",NA,"0",NA,"6.56370487913947e-05",NA,"0",NA,"0.000199913473381385",NA,"0.08",NA,"-0.0497311827956995",NA,"0.03",NA,NA,NA,NA,NA,NA,NA,NA,NA
"2025-06-14 13:55:12","Observed","1","3","1_3","CC-CR",NA,NA,NA,NA,NA,NA,NA,NA,NA,NA,NA,NA,NA,NA,NA,NA,NA,NA,NA,NA,NA,NA,NA,NA,NA,NA,NA,NA,NA,NA,NA,NA,NA,NA,NA,NA,NA,NA,NA,NA,NA,NA,NA,NA,NA,NA,NA,NA,NA,NA,NA,NA,NA,NA,NA,NA,NA,NA,NA,NA,NA,NA,NA,NA,NA,NA,NA,NA,NA,NA,NA,NA,NA,NA,NA,NA,NA,"0.175645454545451",NA,"0.53",NA,"0.0357818181818164",NA,"0.12",NA,"0.0807060606060593",NA,"0.6",NA,"0.872157073695679",NA,"0.09",NA,"0.0474625468164741",NA,"0.02",NA,"-7.90582853568845e-05",NA,"0",NA,"0.060839707661915",NA,"0",NA,"-0.000193895148183208",NA,"0",NA,"0.000131996821925542",NA,"0.03",NA,"0.0715333333333298",NA,"0.05",NA,NA,NA,NA,NA,NA,NA,NA,NA
"2025-06-14 14:10:36","Observed","1","53","1_53","RR00-CR",NA,NA,NA,NA,NA,NA,NA,NA,NA,NA,NA,NA,NA,NA,NA,NA,NA,NA,NA,NA,NA,NA,NA,NA,NA,NA,NA,NA,NA,NA,NA,NA,NA,NA,NA,NA,NA,NA,NA,NA,NA,NA,NA,NA,NA,NA,NA,NA,NA,NA,NA,NA,NA,NA,NA,NA,NA,NA,NA,NA,NA,NA,NA,NA,NA,NA,NA,NA,NA,NA,NA,NA,NA,NA,NA,NA,NA,"0.0596275818902573",NA,"0.08",NA,"0.0354418944293775",NA,"0.17",NA,"0.0839",NA,"0.39",NA,"0.306809888829209",NA,"0.03",NA,"-0.184244499063672",NA,"0.24",NA,"-8.49338491581378e-05",NA,"0",NA,"0.0510049988119919",NA,"0",NA,"4.78450342713599e-05",NA,"0",NA,"0.000141415855941766",NA,"0.04",NA,"0.0709752688172026",NA,"0.05",NA,NA,NA,NA,NA,NA,NA,NA,NA
"2025-06-14 14:10:54","Observed","1","53","1_53","RR00-CR",NA,NA,NA,NA,NA,NA,NA,NA,NA,NA,NA,NA,NA,NA,NA,NA,NA,NA,NA,NA,NA,NA,NA,NA,NA,NA,NA,NA,NA,NA,NA,NA,NA,NA,NA,NA,NA,NA,NA,NA,NA,NA,NA,NA,NA,NA,NA,NA,NA,NA,NA,NA,NA,NA,NA,NA,NA,NA,NA,NA,NA,NA,NA,NA,NA,NA,NA,NA,NA,NA,NA,NA,NA,NA,NA,NA,NA,"0.0596275818902573",NA,"0.08",NA,"0.0354418944293775",NA,"0.17",NA,"0.0839",NA,"0.39",NA,"0.306809888829209",NA,"0.03",NA,"-0.184244499063672",NA,"0.24",NA,"-8.49338491581378e-05",NA,"0",NA,"0.0510049988119919",NA,"0",NA,"4.78450342713599e-05",NA,"0",NA,"0.000141415855941766",NA,"0.04",NA,"0.0709752688172026",NA,"0.05",NA,NA,NA,NA,NA,NA,NA,NA,NA
"2025-06-14 14:20:36","Observed","1","56","1_56","RR00-NT-CR",NA,NA,NA,NA,NA,NA,NA,NA,NA,NA,NA,NA,NA,NA,NA,NA,NA,NA,NA,NA,NA,NA,NA,NA,NA,NA,NA,NA,NA,NA,NA,NA,NA,NA,NA,NA,NA,NA,NA,NA,NA,NA,NA,NA,NA,NA,NA,NA,NA,NA,NA,NA,NA,NA,NA,NA,NA,NA,NA,NA,NA,NA,NA,NA,NA,NA,NA,NA,NA,NA,NA,NA,NA,NA,NA,NA,NA,"0.151485916962238",NA,"0.35",NA,"0.0411746296682675",NA,"0.28",NA,"0.0787666666666667",NA,"0.43",NA,"0.312365519096375",NA,"0.03",NA,"-0.156899578651686",NA,"0.22",NA,"-0.00014777048403858",NA,"0",NA,"-0.0108491413103267",NA,"0",NA,"6.56370487913947e-05",NA,"0",NA,"0.000199913473381385",NA,"0.08",NA,"-0.0497311827956995",NA,"0.03",NA,NA,NA,NA,NA,NA,NA,NA,NA
"2025-06-14 14:25:55","Observed","1","56","1_56","RR00-NT-CR",NA,NA,NA,NA,NA,NA,NA,NA,NA,NA,NA,NA,NA,NA,NA,NA,NA,NA,NA,NA,NA,NA,NA,NA,NA,NA,NA,NA,NA,NA,NA,NA,NA,NA,NA,NA,NA,NA,NA,NA,NA,NA,NA,NA,NA,NA,NA,NA,NA,NA,NA,NA,NA,NA,NA,NA,NA,NA,NA,NA,NA,NA,NA,NA,NA,NA,NA,NA,NA,NA,NA,NA,NA,NA,NA,NA,NA,"0.151485916962238",NA,"0.35",NA,"0.0411746296682675",NA,"0.28",NA,"0.0787666666666667",NA,"0.43",NA,"0.312365519096375",NA,"0.03",NA,"-0.156899578651686",NA,"0.22",NA,"-0.00014777048403858",NA,"0",NA,"-0.0108491413103267",NA,"0",NA,"6.56370487913947e-05",NA,"0",NA,"0.000199913473381385",NA,"0.08",NA,"-0.0497311827956995",NA,"0.03",NA,NA,NA,NA,NA,NA,NA,NA,NA
"2025-06-14 14:35:08","Observed","1","56","1_56","RR00-NT-CR",NA,NA,NA,NA,NA,NA,NA,NA,NA,NA,NA,NA,NA,NA,NA,NA,NA,NA,NA,NA,NA,NA,NA,NA,NA,NA,NA,NA,NA,NA,NA,NA,NA,NA,NA,NA,NA,NA,NA,NA,NA,NA,NA,NA,NA,NA,NA,NA,NA,NA,NA,NA,NA,NA,NA,NA,NA,NA,NA,NA,NA,NA,NA,NA,NA,NA,NA,NA,NA,NA,NA,NA,NA,NA,NA,NA,NA,"0.151485916962238",NA,"0.35",NA,"0.0411746296682675",NA,"0.28",NA,"0.0787666666666667",NA,"0.43",NA,"0.312365519096375",NA,"0.03",NA,"-0.156899578651686",NA,"0.22",NA,"-0.00014777048403858",NA,"0",NA,"-0.0108491413103267",NA,"0",NA,"6.56370487913947e-05",NA,"0",NA,"0.000199913473381385",NA,"0.08",NA,"-0.0497311827956995",NA,"0.03",NA,NA,NA,NA,NA,NA,NA,NA,NA
"2025-06-14 14:40:11","Observed","1","3","1_3","CC-CR",NA,NA,NA,NA,NA,NA,NA,NA,NA,NA,NA,NA,NA,NA,NA,NA,NA,NA,NA,NA,NA,NA,NA,NA,NA,NA,NA,NA,NA,NA,NA,NA,NA,NA,NA,NA,NA,NA,NA,NA,NA,NA,NA,NA,NA,NA,NA,NA,NA,NA,NA,NA,NA,NA,NA,NA,NA,NA,NA,NA,NA,NA,NA,NA,NA,NA,NA,NA,NA,NA,NA,NA,NA,NA,NA,NA,NA,"0.175645454545451",NA,"0.53",NA,"0.0357818181818164",NA,"0.12",NA,"0.0807060606060593",NA,"0.6",NA,"0.872157073695679",NA,"0.09",NA,"0.0474625468164741",NA,"0.02",NA,"-7.90582853568845e-05",NA,"0",NA,"0.060839707661915",NA,"0",NA,"-0.000193895148183208",NA,"0",NA,"0.000131996821925542",NA,"0.03",NA,"0.0715333333333298",NA,"0.05",NA,NA,NA,NA,NA,NA,NA,NA,NA
"2025-06-14 14:58:14","Observed","1","53","1_53","RR00-CR",NA,NA,NA,NA,NA,NA,NA,NA,NA,NA,NA,NA,NA,NA,NA,NA,NA,NA,NA,NA,NA,NA,NA,NA,NA,NA,NA,NA,NA,NA,NA,NA,NA,NA,NA,NA,NA,NA,NA,NA,NA,NA,NA,NA,NA,NA,NA,NA,NA,NA,NA,NA,NA,NA,NA,NA,NA,NA,NA,NA,NA,NA,NA,NA,NA,NA,NA,NA,NA,NA,NA,NA,NA,NA,NA,NA,NA,"0.0596275818902573",NA,"0.08",NA,"0.0354418944293775",NA,"0.17",NA,"0.0839",NA,"0.39",NA,"0.306809888829209",NA,"0.03",NA,"-0.184244499063672",NA,"0.24",NA,"-8.49338491581378e-05",NA,"0",NA,"0.0510049988119919",NA,"0",NA,"4.78450342713599e-05",NA,"0",NA,"0.000141415855941766",NA,"0.04",NA,"0.0709752688172026",NA,"0.05",NA,NA,NA,NA,NA,NA,NA,NA,NA
"2025-06-14 15:06:05","Observed","1","56","1_56","RR00-NT-CR",NA,NA,NA,NA,NA,NA,NA,NA,NA,NA,NA,NA,NA,NA,NA,NA,NA,NA,NA,NA,NA,NA,NA,NA,NA,NA,NA,NA,NA,NA,NA,NA,NA,NA,NA,NA,NA,NA,NA,NA,NA,NA,NA,NA,NA,NA,NA,NA,NA,NA,NA,NA,NA,NA,NA,NA,NA,NA,NA,NA,NA,NA,NA,NA,NA,NA,NA,NA,NA,NA,NA,NA,NA,NA,NA,NA,NA,"0.151485916962238",NA,"0.35",NA,"0.0411746296682675",NA,"0.28",NA,"0.0787666666666667",NA,"0.43",NA,"0.312365519096375",NA,"0.03",NA,"-0.156899578651686",NA,"0.22",NA,"-0.00014777048403858",NA,"0",NA,"-0.0108491413103267",NA,"0",NA,"6.56370487913947e-05",NA,"0",NA,"0.000199913473381385",NA,"0.08",NA,"-0.0497311827956995",NA,"0.03",NA,NA,NA,NA,NA,NA,NA,NA,NA
"2025-06-14 16:40:20","Observed","1","3","1_3","CC-CR",NA,NA,NA,NA,NA,NA,NA,NA,NA,NA,NA,NA,NA,NA,NA,NA,NA,NA,NA,NA,NA,NA,NA,NA,NA,NA,NA,NA,NA,NA,NA,NA,NA,NA,NA,NA,NA,NA,NA,NA,NA,NA,NA,NA,NA,NA,NA,NA,NA,NA,NA,NA,NA,NA,NA,NA,NA,NA,NA,NA,NA,NA,NA,NA,NA,NA,NA,NA,NA,NA,NA,NA,NA,NA,NA,NA,NA,"0.175645454545451",NA,"0.53",NA,"0.0357818181818164",NA,"0.12",NA,"0.0807060606060593",NA,"0.6",NA,"0.872157073695679",NA,"0.09",NA,"0.0474625468164741",NA,"0.02",NA,"-7.90582853568845e-05",NA,"0",NA,"0.060839707661915",NA,"0",NA,"-0.000193895148183208",NA,"0",NA,"0.000131996821925542",NA,"0.03",NA,"0.0715333333333298",NA,"0.05",NA,NA,NA,NA,NA,NA,NA,NA,NA
"2025-06-14 17:20:18","Observed","1","53","1_53","RR00-CR",NA,NA,NA,NA,NA,NA,NA,NA,NA,NA,NA,NA,NA,NA,NA,NA,NA,NA,NA,NA,NA,NA,NA,NA,NA,NA,NA,NA,NA,NA,NA,NA,NA,NA,NA,NA,NA,NA,NA,NA,NA,NA,NA,NA,NA,NA,NA,NA,NA,NA,NA,NA,NA,NA,NA,NA,NA,NA,NA,NA,NA,NA,NA,NA,NA,NA,NA,NA,NA,NA,NA,NA,NA,NA,NA,NA,NA,"0.0596275818902573",NA,"0.08",NA,"0.0354418944293775",NA,"0.17",NA,"0.0839",NA,"0.39",NA,"0.306809888829209",NA,"0.03",NA,"-0.184244499063672",NA,"0.24",NA,"-8.49338491581378e-05",NA,"0",NA,"0.0510049988119919",NA,"0",NA,"4.78450342713599e-05",NA,"0",NA,"0.000141415855941766",NA,"0.04",NA,"0.0709752688172026",NA,"0.05",NA,NA,NA,NA,NA,NA,NA,NA,NA
"2025-06-14 17:32:04","Observed","1","56","1_56","RR00-NT-CR",NA,NA,NA,NA,NA,NA,NA,NA,NA,NA,NA,NA,NA,NA,NA,NA,NA,NA,NA,NA,NA,NA,NA,NA,NA,NA,NA,NA,NA,NA,NA,NA,NA,NA,NA,NA,NA,NA,NA,NA,NA,NA,NA,NA,NA,NA,NA,NA,NA,NA,NA,NA,NA,NA,NA,NA,NA,NA,NA,NA,NA,NA,NA,NA,NA,NA,NA,NA,NA,NA,NA,NA,NA,NA,NA,NA,NA,"0.151485916962238",NA,"0.35",NA,"0.0411746296682675",NA,"0.28",NA,"0.0787666666666667",NA,"0.43",NA,"0.312365519096375",NA,"0.03",NA,"-0.156899578651686",NA,"0.22",NA,"-0.00014777048403858",NA,"0",NA,"-0.0108491413103267",NA,"0",NA,"6.56370487913947e-05",NA,"0",NA,"0.000199913473381385",NA,"0.08",NA,"-0.0497311827956995",NA,"0.03",NA,NA,NA,NA,NA,NA,NA,NA,NA
"2025-06-14 18:57:44","Observed","1","53","1_53","RR00-CR",NA,NA,NA,NA,NA,NA,NA,NA,NA,NA,NA,NA,NA,NA,NA,NA,NA,NA,NA,NA,NA,NA,NA,NA,NA,NA,NA,NA,NA,NA,NA,NA,NA,NA,NA,NA,NA,NA,NA,NA,NA,NA,NA,NA,NA,NA,NA,NA,NA,NA,NA,NA,NA,NA,NA,NA,NA,NA,NA,NA,NA,NA,NA,NA,NA,NA,NA,NA,NA,NA,NA,NA,NA,NA,NA,NA,NA,"0.0596275818902573",NA,"0.08",NA,"0.0354418944293775",NA,"0.17",NA,"0.0839",NA,"0.39",NA,"0.306809888829209",NA,"0.03",NA,"-0.184244499063672",NA,"0.24",NA,"-8.49338491581378e-05",NA,"0",NA,"0.0510049988119919",NA,"0",NA,"4.78450342713599e-05",NA,"0",NA,"0.000141415855941766",NA,"0.04",NA,"0.0709752688172026",NA,"0.05",NA,NA,NA,NA,NA,NA,NA,NA,NA
"2025-06-14 19:14:51","Observed","1","53","1_53","RR00-CR",NA,NA,NA,NA,NA,NA,NA,NA,NA,NA,NA,NA,NA,NA,NA,NA,NA,NA,NA,NA,NA,NA,NA,NA,NA,NA,NA,NA,NA,NA,NA,NA,NA,NA,NA,NA,NA,NA,NA,NA,NA,NA,NA,NA,NA,NA,NA,NA,NA,NA,NA,NA,NA,NA,NA,NA,NA,NA,NA,NA,NA,NA,NA,NA,NA,NA,NA,NA,NA,NA,NA,NA,NA,NA,NA,NA,NA,"0.0596275818902573",NA,"0.08",NA,"0.0354418944293775",NA,"0.17",NA,"0.0839",NA,"0.39",NA,"0.306809888829209",NA,"0.03",NA,"-0.184244499063672",NA,"0.24",NA,"-8.49338491581378e-05",NA,"0",NA,"0.0510049988119919",NA,"0",NA,"4.78450342713599e-05",NA,"0",NA,"0.000141415855941766",NA,"0.04",NA,"0.0709752688172026",NA,"0.05",NA,NA,NA,NA,NA,NA,NA,NA,NA
"2025-06-14 21:10:07","Observed","1","53","1_53","RR00-CR",NA,NA,NA,NA,NA,NA,NA,NA,NA,NA,NA,NA,NA,NA,NA,NA,NA,NA,NA,NA,NA,NA,NA,NA,NA,NA,NA,NA,NA,NA,NA,NA,NA,NA,NA,NA,NA,NA,NA,NA,NA,NA,NA,NA,NA,NA,NA,NA,NA,NA,NA,NA,NA,NA,NA,NA,NA,NA,NA,NA,NA,NA,NA,NA,NA,NA,NA,NA,NA,NA,NA,NA,NA,NA,NA,NA,NA,"0.0596275818902573",NA,"0.08",NA,"0.0354418944293775",NA,"0.17",NA,"0.0839",NA,"0.39",NA,"0.306809888829209",NA,"0.03",NA,"-0.184244499063672",NA,"0.24",NA,"-8.49338491581378e-05",NA,"0",NA,"0.0510049988119919",NA,"0",NA,"4.78450342713599e-05",NA,"0",NA,"0.000141415855941766",NA,"0.04",NA,"0.0709752688172026",NA,"0.05",NA,NA,NA,NA,NA,NA,NA,NA,NA
"2025-06-14 21:49:23","Observed","1","53","1_53","RR00-CR",NA,NA,NA,NA,NA,NA,NA,NA,NA,NA,NA,NA,NA,NA,NA,NA,NA,NA,NA,NA,NA,NA,NA,NA,NA,NA,NA,NA,NA,NA,NA,NA,NA,NA,NA,NA,NA,NA,NA,NA,NA,NA,NA,NA,NA,NA,NA,NA,NA,NA,NA,NA,NA,NA,NA,NA,NA,NA,NA,NA,NA,NA,NA,NA,NA,NA,NA,NA,NA,NA,NA,NA,NA,NA,NA,NA,NA,"0.0596275818902573",NA,"0.08",NA,"0.0354418944293775",NA,"0.17",NA,"0.0839",NA,"0.39",NA,"0.306809888829209",NA,"0.03",NA,"-0.184244499063672",NA,"0.24",NA,"-8.49338491581378e-05",NA,"0",NA,"0.0510049988119919",NA,"0",NA,"4.78450342713599e-05",NA,"0",NA,"0.000141415855941766",NA,"0.04",NA,"0.0709752688172026",NA,"0.05",NA,NA,NA,NA,NA,NA,NA,NA,NA
"2025-06-14 21:49:52","Observed","1","3","1_3","CC-CR",NA,NA,NA,NA,NA,NA,NA,NA,NA,NA,NA,NA,NA,NA,NA,NA,NA,NA,NA,NA,NA,NA,NA,NA,NA,NA,NA,NA,NA,NA,NA,NA,NA,NA,NA,NA,NA,NA,NA,NA,NA,NA,NA,NA,NA,NA,NA,NA,NA,NA,NA,NA,NA,NA,NA,NA,NA,NA,NA,NA,NA,NA,NA,NA,NA,NA,NA,NA,NA,NA,NA,NA,NA,NA,NA,NA,NA,"0.175645454545451",NA,"0.53",NA,"0.0357818181818164",NA,"0.12",NA,"0.0807060606060593",NA,"0.6",NA,"0.872157073695679",NA,"0.09",NA,"0.0474625468164741",NA,"0.02",NA,"-7.90582853568845e-05",NA,"0",NA,"0.060839707661915",NA,"0",NA,"-0.000193895148183208",NA,"0",NA,"0.000131996821925542",NA,"0.03",NA,"0.0715333333333298",NA,"0.05",NA,NA,NA,NA,NA,NA,NA,NA,NA
"2025-06-15 09:16:38","Observed","1","3","1_3","CC-CR",NA,NA,NA,NA,NA,NA,NA,NA,NA,NA,NA,NA,NA,NA,NA,NA,NA,NA,NA,NA,NA,NA,NA,NA,NA,NA,NA,NA,NA,NA,NA,NA,NA,NA,NA,NA,NA,NA,NA,NA,NA,NA,NA,NA,NA,NA,NA,NA,NA,NA,NA,NA,NA,NA,NA,NA,NA,NA,NA,NA,NA,NA,NA,NA,NA,NA,NA,NA,NA,NA,NA,NA,NA,NA,NA,NA,NA,"0.175645454545451",NA,"0.53",NA,"0.0357818181818164",NA,"0.12",NA,"0.0807060606060593",NA,"0.6",NA,"0.872157073695679",NA,"0.09",NA,"0.0474625468164741",NA,"0.02",NA,"-7.90582853568845e-05",NA,"0",NA,"0.060839707661915",NA,"0",NA,"-0.000193895148183208",NA,"0",NA,"0.000131996821925542",NA,"0.03",NA,"0.0715333333333298",NA,"0.05",NA,NA,NA,NA,NA,NA,NA,NA,NA
"2025-06-15 09:34:42","Observed","1","3","1_3","CC-CR",NA,NA,NA,NA,NA,NA,NA,NA,NA,NA,NA,NA,NA,NA,NA,NA,NA,NA,NA,NA,NA,NA,NA,NA,NA,NA,NA,NA,NA,NA,NA,NA,NA,NA,NA,NA,NA,NA,NA,NA,NA,NA,NA,NA,NA,NA,NA,NA,NA,NA,NA,NA,NA,NA,NA,NA,NA,NA,NA,NA,NA,NA,NA,NA,NA,NA,NA,NA,NA,NA,NA,NA,NA,NA,NA,NA,NA,"0.175645454545451",NA,"0.53",NA,"0.0357818181818164",NA,"0.12",NA,"0.0807060606060593",NA,"0.6",NA,"0.872157073695679",NA,"0.09",NA,"0.0474625468164741",NA,"0.02",NA,"-7.90582853568845e-05",NA,"0",NA,"0.060839707661915",NA,"0",NA,"-0.000193895148183208",NA,"0",NA,"0.000131996821925542",NA,"0.03",NA,"0.0715333333333298",NA,"0.05",NA,NA,NA,NA,NA,NA,NA,NA,NA
"2025-06-15 09:46:07","Observed","1","53","1_53","RR00-CR",NA,NA,NA,NA,NA,NA,NA,NA,NA,NA,NA,NA,NA,NA,NA,NA,NA,NA,NA,NA,NA,NA,NA,NA,NA,NA,NA,NA,NA,NA,NA,NA,NA,NA,NA,NA,NA,NA,NA,NA,NA,NA,NA,NA,NA,NA,NA,NA,NA,NA,NA,NA,NA,NA,NA,NA,NA,NA,NA,NA,NA,NA,NA,NA,NA,NA,NA,NA,NA,NA,NA,NA,NA,NA,NA,NA,NA,"0.0596275818902573",NA,"0.08",NA,"0.0354418944293775",NA,"0.17",NA,"0.0839",NA,"0.39",NA,"0.306809888829209",NA,"0.03",NA,"-0.184244499063672",NA,"0.24",NA,"-8.49338491581378e-05",NA,"0",NA,"0.0510049988119919",NA,"0",NA,"4.78450342713599e-05",NA,"0",NA,"0.000141415855941766",NA,"0.04",NA,"0.0709752688172026",NA,"0.05",NA,NA,NA,NA,NA,NA,NA,NA,NA
"2025-06-15 09:57:20","Observed","1","56","1_56","RR00-NT-CR",NA,NA,NA,NA,NA,NA,NA,NA,NA,NA,NA,NA,NA,NA,NA,NA,NA,NA,NA,NA,NA,NA,NA,NA,NA,NA,NA,NA,NA,NA,NA,NA,NA,NA,NA,NA,NA,NA,NA,NA,NA,NA,NA,NA,NA,NA,NA,NA,NA,NA,NA,NA,NA,NA,NA,NA,NA,NA,NA,NA,NA,NA,NA,NA,NA,NA,NA,NA,NA,NA,NA,NA,NA,NA,NA,NA,NA,"0.151485916962238",NA,"0.35",NA,"0.0411746296682675",NA,"0.28",NA,"0.0787666666666667",NA,"0.43",NA,"0.312365519096375",NA,"0.03",NA,"-0.156899578651686",NA,"0.22",NA,"-0.00014777048403858",NA,"0",NA,"-0.0108491413103267",NA,"0",NA,"6.56370487913947e-05",NA,"0",NA,"0.000199913473381385",NA,"0.08",NA,"-0.0497311827956995",NA,"0.03",NA,NA,NA,NA,NA,NA,NA,NA,NA
"2025-06-15 10:37:51","Observed","1","3","1_3","CC-CR",NA,NA,NA,NA,NA,NA,NA,NA,NA,NA,NA,NA,NA,NA,NA,NA,NA,NA,NA,NA,NA,NA,NA,NA,NA,NA,NA,NA,NA,NA,NA,NA,NA,NA,NA,NA,NA,NA,NA,NA,NA,NA,NA,NA,NA,NA,NA,NA,NA,NA,NA,NA,NA,NA,NA,NA,NA,NA,NA,NA,NA,NA,NA,NA,NA,NA,NA,NA,NA,NA,NA,NA,NA,NA,NA,NA,NA,"0.175645454545451",NA,"0.53",NA,"0.0357818181818164",NA,"0.12",NA,"0.0807060606060593",NA,"0.6",NA,"0.872157073695679",NA,"0.09",NA,"0.0474625468164741",NA,"0.02",NA,"-7.90582853568845e-05",NA,"0",NA,"0.060839707661915",NA,"0",NA,"-0.000193895148183208",NA,"0",NA,"0.000131996821925542",NA,"0.03",NA,"0.0715333333333298",NA,"0.05",NA,NA,NA,NA,NA,NA,NA,NA,NA
"2025-06-15 10:38:12","Observed","1","3","1_3","CC-CR",NA,NA,NA,NA,NA,NA,NA,NA,NA,NA,NA,NA,NA,NA,NA,NA,NA,NA,NA,NA,NA,NA,NA,NA,NA,NA,NA,NA,NA,NA,NA,NA,NA,NA,NA,NA,NA,NA,NA,NA,NA,NA,NA,NA,NA,NA,NA,NA,NA,NA,NA,NA,NA,NA,NA,NA,NA,NA,NA,NA,NA,NA,NA,NA,NA,NA,NA,NA,NA,NA,NA,NA,NA,NA,NA,NA,NA,"0.175645454545451",NA,"0.53",NA,"0.0357818181818164",NA,"0.12",NA,"0.0807060606060593",NA,"0.6",NA,"0.872157073695679",NA,"0.09",NA,"0.0474625468164741",NA,"0.02",NA,"-7.90582853568845e-05",NA,"0",NA,"0.060839707661915",NA,"0",NA,"-0.000193895148183208",NA,"0",NA,"0.000131996821925542",NA,"0.03",NA,"0.0715333333333298",NA,"0.05",NA,NA,NA,NA,NA,NA,NA,NA,NA
"2025-06-15 10:48:57","Observed","1","53","1_53","RR00-CR",NA,NA,NA,NA,NA,NA,NA,NA,NA,NA,NA,NA,NA,NA,NA,NA,NA,NA,NA,NA,NA,NA,NA,NA,NA,NA,NA,NA,NA,NA,NA,NA,NA,NA,NA,NA,NA,NA,NA,NA,NA,NA,NA,NA,NA,NA,NA,NA,NA,NA,NA,NA,NA,NA,NA,NA,NA,NA,NA,NA,NA,NA,NA,NA,NA,NA,NA,NA,NA,NA,NA,NA,NA,NA,NA,NA,NA,"0.0596275818902573",NA,"0.08",NA,"0.0354418944293775",NA,"0.17",NA,"0.0839",NA,"0.39",NA,"0.306809888829209",NA,"0.03",NA,"-0.184244499063672",NA,"0.24",NA,"-8.49338491581378e-05",NA,"0",NA,"0.0510049988119919",NA,"0",NA,"4.78450342713599e-05",NA,"0",NA,"0.000141415855941766",NA,"0.04",NA,"0.0709752688172026",NA,"0.05",NA,NA,NA,NA,NA,NA,NA,NA,NA
"2025-06-15 10:59:41","Observed","1","56","1_56","RR00-NT-CR",NA,NA,NA,NA,NA,NA,NA,NA,NA,NA,NA,NA,NA,NA,NA,NA,NA,NA,NA,NA,NA,NA,NA,NA,NA,NA,NA,NA,NA,NA,NA,NA,NA,NA,NA,NA,NA,NA,NA,NA,NA,NA,NA,NA,NA,NA,NA,NA,NA,NA,NA,NA,NA,NA,NA,NA,NA,NA,NA,NA,NA,NA,NA,NA,NA,NA,NA,NA,NA,NA,NA,NA,NA,NA,NA,NA,NA,"0.151485916962238",NA,"0.35",NA,"0.0411746296682675",NA,"0.28",NA,"0.0787666666666667",NA,"0.43",NA,"0.312365519096375",NA,"0.03",NA,"-0.156899578651686",NA,"0.22",NA,"-0.00014777048403858",NA,"0",NA,"-0.0108491413103267",NA,"0",NA,"6.56370487913947e-05",NA,"0",NA,"0.000199913473381385",NA,"0.08",NA,"-0.0497311827956995",NA,"0.03",NA,NA,NA,NA,NA,NA,NA,NA,NA
"2025-06-15 12:12:29","Observed","1","3","1_3","CC-CR",NA,NA,NA,NA,NA,NA,NA,NA,NA,NA,NA,NA,NA,NA,NA,NA,NA,NA,NA,NA,NA,NA,NA,NA,NA,NA,NA,NA,NA,NA,NA,NA,NA,NA,NA,NA,NA,NA,NA,NA,NA,NA,NA,NA,NA,NA,NA,NA,NA,NA,NA,NA,NA,NA,NA,NA,NA,NA,NA,NA,NA,NA,NA,NA,NA,NA,NA,NA,NA,NA,NA,NA,NA,NA,NA,NA,NA,"0.175645454545451",NA,"0.53",NA,"0.0357818181818164",NA,"0.12",NA,"0.0807060606060593",NA,"0.6",NA,"0.872157073695679",NA,"0.09",NA,"0.0474625468164741",NA,"0.02",NA,"-7.90582853568845e-05",NA,"0",NA,"0.060839707661915",NA,"0",NA,"-0.000193895148183208",NA,"0",NA,"0.000131996821925542",NA,"0.03",NA,"0.0715333333333298",NA,"0.05",NA,NA,NA,NA,NA,NA,NA,NA,NA
"2025-06-15 12:37:00","Observed","1","53","1_53","RR00-CR",NA,NA,NA,NA,NA,NA,NA,NA,NA,NA,NA,NA,NA,NA,NA,NA,NA,NA,NA,NA,NA,NA,NA,NA,NA,NA,NA,NA,NA,NA,NA,NA,NA,NA,NA,NA,NA,NA,NA,NA,NA,NA,NA,NA,NA,NA,NA,NA,NA,NA,NA,NA,NA,NA,NA,NA,NA,NA,NA,NA,NA,NA,NA,NA,NA,NA,NA,NA,NA,NA,NA,NA,NA,NA,NA,NA,NA,"0.0596275818902573",NA,"0.08",NA,"0.0354418944293775",NA,"0.17",NA,"0.0839",NA,"0.39",NA,"0.306809888829209",NA,"0.03",NA,"-0.184244499063672",NA,"0.24",NA,"-8.49338491581378e-05",NA,"0",NA,"0.0510049988119919",NA,"0",NA,"4.78450342713599e-05",NA,"0",NA,"0.000141415855941766",NA,"0.04",NA,"0.0709752688172026",NA,"0.05",NA,NA,NA,NA,NA,NA,NA,NA,NA
"2025-06-15 12:47:39","Observed","1","56","1_56","RR00-NT-CR",NA,NA,NA,NA,NA,NA,NA,NA,NA,NA,NA,NA,NA,NA,NA,NA,NA,NA,NA,NA,NA,NA,NA,NA,NA,NA,NA,NA,NA,NA,NA,NA,NA,NA,NA,NA,NA,NA,NA,NA,NA,NA,NA,NA,NA,NA,NA,NA,NA,NA,NA,NA,NA,NA,NA,NA,NA,NA,NA,NA,NA,NA,NA,NA,NA,NA,NA,NA,NA,NA,NA,NA,NA,NA,NA,NA,NA,"0.151485916962238",NA,"0.35",NA,"0.0411746296682675",NA,"0.28",NA,"0.0787666666666667",NA,"0.43",NA,"0.312365519096375",NA,"0.03",NA,"-0.156899578651686",NA,"0.22",NA,"-0.00014777048403858",NA,"0",NA,"-0.0108491413103267",NA,"0",NA,"6.56370487913947e-05",NA,"0",NA,"0.000199913473381385",NA,"0.08",NA,"-0.0497311827956995",NA,"0.03",NA,NA,NA,NA,NA,NA,NA,NA,NA
"2025-06-15 14:10:21","Observed","1","3","1_3","CC-CR",NA,NA,NA,NA,NA,NA,NA,NA,NA,NA,NA,NA,NA,NA,NA,NA,NA,NA,NA,NA,NA,NA,NA,NA,NA,NA,NA,NA,NA,NA,NA,NA,NA,NA,NA,NA,NA,NA,NA,NA,NA,NA,NA,NA,NA,NA,NA,NA,NA,NA,NA,NA,NA,NA,NA,NA,NA,NA,NA,NA,NA,NA,NA,NA,NA,NA,NA,NA,NA,NA,NA,NA,NA,NA,NA,NA,NA,"0.175645454545451",NA,"0.53",NA,"0.0357818181818164",NA,"0.12",NA,"0.0807060606060593",NA,"0.6",NA,"0.872157073695679",NA,"0.09",NA,"0.0474625468164741",NA,"0.02",NA,"-7.90582853568845e-05",NA,"0",NA,"0.060839707661915",NA,"0",NA,"-0.000193895148183208",NA,"0",NA,"0.000131996821925542",NA,"0.03",NA,"0.0715333333333298",NA,"0.05",NA,NA,NA,NA,NA,NA,NA,NA,NA
"2025-06-15 14:32:59","Observed","1","3","1_3","CC-CR",NA,NA,NA,NA,NA,NA,NA,NA,NA,NA,NA,NA,NA,NA,NA,NA,NA,NA,NA,NA,NA,NA,NA,NA,NA,NA,NA,NA,NA,NA,NA,NA,NA,NA,NA,NA,NA,NA,NA,NA,NA,NA,NA,NA,NA,NA,NA,NA,NA,NA,NA,NA,NA,NA,NA,NA,NA,NA,NA,NA,NA,NA,NA,NA,NA,NA,NA,NA,NA,NA,NA,NA,NA,NA,NA,NA,NA,"0.175645454545451",NA,"0.53",NA,"0.0357818181818164",NA,"0.12",NA,"0.0807060606060593",NA,"0.6",NA,"0.872157073695679",NA,"0.09",NA,"0.0474625468164741",NA,"0.02",NA,"-7.90582853568845e-05",NA,"0",NA,"0.060839707661915",NA,"0",NA,"-0.000193895148183208",NA,"0",NA,"0.000131996821925542",NA,"0.03",NA,"0.0715333333333298",NA,"0.05",NA,NA,NA,NA,NA,NA,NA,NA,NA
"2025-06-15 14:41:04","Observed","1","53","1_53","RR00-CR",NA,NA,NA,NA,NA,NA,NA,NA,NA,NA,NA,NA,NA,NA,NA,NA,NA,NA,NA,NA,NA,NA,NA,NA,NA,NA,NA,NA,NA,NA,NA,NA,NA,NA,NA,NA,NA,NA,NA,NA,NA,NA,NA,NA,NA,NA,NA,NA,NA,NA,NA,NA,NA,NA,NA,NA,NA,NA,NA,NA,NA,NA,NA,NA,NA,NA,NA,NA,NA,NA,NA,NA,NA,NA,NA,NA,NA,"0.0596275818902573",NA,"0.08",NA,"0.0354418944293775",NA,"0.17",NA,"0.0839",NA,"0.39",NA,"0.306809888829209",NA,"0.03",NA,"-0.184244499063672",NA,"0.24",NA,"-8.49338491581378e-05",NA,"0",NA,"0.0510049988119919",NA,"0",NA,"4.78450342713599e-05",NA,"0",NA,"0.000141415855941766",NA,"0.04",NA,"0.0709752688172026",NA,"0.05",NA,NA,NA,NA,NA,NA,NA,NA,NA
"2025-06-15 14:42:44","Observed","1","56","1_56","RR00-NT-CR",NA,NA,NA,NA,NA,NA,NA,NA,NA,NA,NA,NA,NA,NA,NA,NA,NA,NA,NA,NA,NA,NA,NA,NA,NA,NA,NA,NA,NA,NA,NA,NA,NA,NA,NA,NA,NA,NA,NA,NA,NA,NA,NA,NA,NA,NA,NA,NA,NA,NA,NA,NA,NA,NA,NA,NA,NA,NA,NA,NA,NA,NA,NA,NA,NA,NA,NA,NA,NA,NA,NA,NA,NA,NA,NA,NA,NA,"0.151485916962238",NA,"0.35",NA,"0.0411746296682675",NA,"0.28",NA,"0.0787666666666667",NA,"0.43",NA,"0.312365519096375",NA,"0.03",NA,"-0.156899578651686",NA,"0.22",NA,"-0.00014777048403858",NA,"0",NA,"-0.0108491413103267",NA,"0",NA,"6.56370487913947e-05",NA,"0",NA,"0.000199913473381385",NA,"0.08",NA,"-0.0497311827956995",NA,"0.03",NA,NA,NA,NA,NA,NA,NA,NA,NA
"2025-06-15 14:45:10","Observed","1","3","1_3","CC-CR",NA,NA,NA,NA,NA,NA,NA,NA,NA,NA,NA,NA,NA,NA,NA,NA,NA,NA,NA,NA,NA,NA,NA,NA,NA,NA,NA,NA,NA,NA,NA,NA,NA,NA,NA,NA,NA,NA,NA,NA,NA,NA,NA,NA,NA,NA,NA,NA,NA,NA,NA,NA,NA,NA,NA,NA,NA,NA,NA,NA,NA,NA,NA,NA,NA,NA,NA,NA,NA,NA,NA,NA,NA,NA,NA,NA,NA,"0.175645454545451",NA,"0.53",NA,"0.0357818181818164",NA,"0.12",NA,"0.0807060606060593",NA,"0.6",NA,"0.872157073695679",NA,"0.09",NA,"0.0474625468164741",NA,"0.02",NA,"-7.90582853568845e-05",NA,"0",NA,"0.060839707661915",NA,"0",NA,"-0.000193895148183208",NA,"0",NA,"0.000131996821925542",NA,"0.03",NA,"0.0715333333333298",NA,"0.05",NA,NA,NA,NA,NA,NA,NA,NA,NA
"2025-06-15 15:10:06","Observed","1","53","1_53","RR00-CR",NA,NA,NA,NA,NA,NA,NA,NA,NA,NA,NA,NA,NA,NA,NA,NA,NA,NA,NA,NA,NA,NA,NA,NA,NA,NA,NA,NA,NA,NA,NA,NA,NA,NA,NA,NA,NA,NA,NA,NA,NA,NA,NA,NA,NA,NA,NA,NA,NA,NA,NA,NA,NA,NA,NA,NA,NA,NA,NA,NA,NA,NA,NA,NA,NA,NA,NA,NA,NA,NA,NA,NA,NA,NA,NA,NA,NA,"0.0596275818902573",NA,"0.08",NA,"0.0354418944293775",NA,"0.17",NA,"0.0839",NA,"0.39",NA,"0.306809888829209",NA,"0.03",NA,"-0.184244499063672",NA,"0.24",NA,"-8.49338491581378e-05",NA,"0",NA,"0.0510049988119919",NA,"0",NA,"4.78450342713599e-05",NA,"0",NA,"0.000141415855941766",NA,"0.04",NA,"0.0709752688172026",NA,"0.05",NA,NA,NA,NA,NA,NA,NA,NA,NA
"2025-06-15 15:20:53","Observed","1","56","1_56","RR00-NT-CR",NA,NA,NA,NA,NA,NA,NA,NA,NA,NA,NA,NA,NA,NA,NA,NA,NA,NA,NA,NA,NA,NA,NA,NA,NA,NA,NA,NA,NA,NA,NA,NA,NA,NA,NA,NA,NA,NA,NA,NA,NA,NA,NA,NA,NA,NA,NA,NA,NA,NA,NA,NA,NA,NA,NA,NA,NA,NA,NA,NA,NA,NA,NA,NA,NA,NA,NA,NA,NA,NA,NA,NA,NA,NA,NA,NA,NA,"0.151485916962238",NA,"0.35",NA,"0.0411746296682675",NA,"0.28",NA,"0.0787666666666667",NA,"0.43",NA,"0.312365519096375",NA,"0.03",NA,"-0.156899578651686",NA,"0.22",NA,"-0.00014777048403858",NA,"0",NA,"-0.0108491413103267",NA,"0",NA,"6.56370487913947e-05",NA,"0",NA,"0.000199913473381385",NA,"0.08",NA,"-0.0497311827956995",NA,"0.03",NA,NA,NA,NA,NA,NA,NA,NA,NA
"2025-06-15 20:54:42","Observed","1","53","1_53","RR00-CR",NA,NA,NA,NA,NA,NA,NA,NA,NA,NA,NA,NA,NA,NA,NA,NA,NA,NA,NA,NA,NA,NA,NA,NA,NA,NA,NA,NA,NA,NA,NA,NA,NA,NA,NA,NA,NA,NA,NA,NA,NA,NA,NA,NA,NA,NA,NA,NA,NA,NA,NA,NA,NA,NA,NA,NA,NA,NA,NA,NA,NA,NA,NA,NA,NA,NA,NA,NA,NA,NA,NA,NA,NA,NA,NA,NA,NA,"0.0596275818902573",NA,"0.08",NA,"0.0354418944293775",NA,"0.17",NA,"0.0839",NA,"0.39",NA,"0.306809888829209",NA,"0.03",NA,"-0.184244499063672",NA,"0.24",NA,"-8.49338491581378e-05",NA,"0",NA,"0.0510049988119919",NA,"0",NA,"4.78450342713599e-05",NA,"0",NA,"0.000141415855941766",NA,"0.04",NA,"0.0709752688172026",NA,"0.05",NA,NA,NA,NA,NA,NA,NA,NA,NA
"2025-06-15 21:09:28","Observed","1","53","1_53","RR00-CR",NA,NA,NA,NA,NA,NA,NA,NA,NA,NA,NA,NA,NA,NA,NA,NA,NA,NA,NA,NA,NA,NA,NA,NA,NA,NA,NA,NA,NA,NA,NA,NA,NA,NA,NA,NA,NA,NA,NA,NA,NA,NA,NA,NA,NA,NA,NA,NA,NA,NA,NA,NA,NA,NA,NA,NA,NA,NA,NA,NA,NA,NA,NA,NA,NA,NA,NA,NA,NA,NA,NA,NA,NA,NA,NA,NA,NA,"0.0596275818902573",NA,"0.08",NA,"0.0354418944293775",NA,"0.17",NA,"0.0839",NA,"0.39",NA,"0.306809888829209",NA,"0.03",NA,"-0.184244499063672",NA,"0.24",NA,"-8.49338491581378e-05",NA,"0",NA,"0.0510049988119919",NA,"0",NA,"4.78450342713599e-05",NA,"0",NA,"0.000141415855941766",NA,"0.04",NA,"0.0709752688172026",NA,"0.05",NA,NA,NA,NA,NA,NA,NA,NA,NA
"2025-06-15 21:14:36","Observed","1","3","1_3","CC-CR",NA,NA,NA,NA,NA,NA,NA,NA,NA,NA,NA,NA,NA,NA,NA,NA,NA,NA,NA,NA,NA,NA,NA,NA,NA,NA,NA,NA,NA,NA,NA,NA,NA,NA,NA,NA,NA,NA,NA,NA,NA,NA,NA,NA,NA,NA,NA,NA,NA,NA,NA,NA,NA,NA,NA,NA,NA,NA,NA,NA,NA,NA,NA,NA,NA,NA,NA,NA,NA,NA,NA,NA,NA,NA,NA,NA,NA,"0.175645454545451",NA,"0.53",NA,"0.0357818181818164",NA,"0.12",NA,"0.0807060606060593",NA,"0.6",NA,"0.872157073695679",NA,"0.09",NA,"0.0474625468164741",NA,"0.02",NA,"-7.90582853568845e-05",NA,"0",NA,"0.060839707661915",NA,"0",NA,"-0.000193895148183208",NA,"0",NA,"0.000131996821925542",NA,"0.03",NA,"0.0715333333333298",NA,"0.05",NA,NA,NA,NA,NA,NA,NA,NA,NA
"2025-06-15 21:14:59","Observed","1","3","1_3","CC-CR",NA,NA,NA,NA,NA,NA,NA,NA,NA,NA,NA,NA,NA,NA,NA,NA,NA,NA,NA,NA,NA,NA,NA,NA,NA,NA,NA,NA,NA,NA,NA,NA,NA,NA,NA,NA,NA,NA,NA,NA,NA,NA,NA,NA,NA,NA,NA,NA,NA,NA,NA,NA,NA,NA,NA,NA,NA,NA,NA,NA,NA,NA,NA,NA,NA,NA,NA,NA,NA,NA,NA,NA,NA,NA,NA,NA,NA,"0.175645454545451",NA,"0.53",NA,"0.0357818181818164",NA,"0.12",NA,"0.0807060606060593",NA,"0.6",NA,"0.872157073695679",NA,"0.09",NA,"0.0474625468164741",NA,"0.02",NA,"-7.90582853568845e-05",NA,"0",NA,"0.060839707661915",NA,"0",NA,"-0.000193895148183208",NA,"0",NA,"0.000131996821925542",NA,"0.03",NA,"0.0715333333333298",NA,"0.05",NA,NA,NA,NA,NA,NA,NA,NA,NA
"2025-06-15 21:18:15","Observed","1","53","1_53","RR00-CR",NA,NA,NA,NA,NA,NA,NA,NA,NA,NA,NA,NA,NA,NA,NA,NA,NA,NA,NA,NA,NA,NA,NA,NA,NA,NA,NA,NA,NA,NA,NA,NA,NA,NA,NA,NA,NA,NA,NA,NA,NA,NA,NA,NA,NA,NA,NA,NA,NA,NA,NA,NA,NA,NA,NA,NA,NA,NA,NA,NA,NA,NA,NA,NA,NA,NA,NA,NA,NA,NA,NA,NA,NA,NA,NA,NA,NA,"0.0596275818902573",NA,"0.08",NA,"0.0354418944293775",NA,"0.17",NA,"0.0839",NA,"0.39",NA,"0.306809888829209",NA,"0.03",NA,"-0.184244499063672",NA,"0.24",NA,"-8.49338491581378e-05",NA,"0",NA,"0.0510049988119919",NA,"0",NA,"4.78450342713599e-05",NA,"0",NA,"0.000141415855941766",NA,"0.04",NA,"0.0709752688172026",NA,"0.05",NA,NA,NA,NA,NA,NA,NA,NA,NA
"2025-06-15 21:21:12","Observed","1","56","1_56","RR00-NT-CR",NA,NA,NA,NA,NA,NA,NA,NA,NA,NA,NA,NA,NA,NA,NA,NA,NA,NA,NA,NA,NA,NA,NA,NA,NA,NA,NA,NA,NA,NA,NA,NA,NA,NA,NA,NA,NA,NA,NA,NA,NA,NA,NA,NA,NA,NA,NA,NA,NA,NA,NA,NA,NA,NA,NA,NA,NA,NA,NA,NA,NA,NA,NA,NA,NA,NA,NA,NA,NA,NA,NA,NA,NA,NA,NA,NA,NA,"0.151485916962238",NA,"0.35",NA,"0.0411746296682675",NA,"0.28",NA,"0.0787666666666667",NA,"0.43",NA,"0.312365519096375",NA,"0.03",NA,"-0.156899578651686",NA,"0.22",NA,"-0.00014777048403858",NA,"0",NA,"-0.0108491413103267",NA,"0",NA,"6.56370487913947e-05",NA,"0",NA,"0.000199913473381385",NA,"0.08",NA,"-0.0497311827956995",NA,"0.03",NA,NA,NA,NA,NA,NA,NA,NA,NA
"2025-06-15 21:49:48","Observed","1","3","1_3","CC-CR",NA,NA,NA,NA,NA,NA,NA,NA,NA,NA,NA,NA,NA,NA,NA,NA,NA,NA,NA,NA,NA,NA,NA,NA,NA,NA,NA,NA,NA,NA,NA,NA,NA,NA,NA,NA,NA,NA,NA,NA,NA,NA,NA,NA,NA,NA,NA,NA,NA,NA,NA,NA,NA,NA,NA,NA,NA,NA,NA,NA,NA,NA,NA,NA,NA,NA,NA,NA,NA,NA,NA,NA,NA,NA,NA,NA,NA,"0.175645454545451",NA,"0.53",NA,"0.0357818181818164",NA,"0.12",NA,"0.0807060606060593",NA,"0.6",NA,"0.872157073695679",NA,"0.09",NA,"0.0474625468164741",NA,"0.02",NA,"-7.90582853568845e-05",NA,"0",NA,"0.060839707661915",NA,"0",NA,"-0.000193895148183208",NA,"0",NA,"0.000131996821925542",NA,"0.03",NA,"0.0715333333333298",NA,"0.05",NA,NA,NA,NA,NA,NA,NA,NA,NA
"2025-06-15 21:51:25","Observed","1","53","1_53","RR00-CR",NA,NA,NA,NA,NA,NA,NA,NA,NA,NA,NA,NA,NA,NA,NA,NA,NA,NA,NA,NA,NA,NA,NA,NA,NA,NA,NA,NA,NA,NA,NA,NA,NA,NA,NA,NA,NA,NA,NA,NA,NA,NA,NA,NA,NA,NA,NA,NA,NA,NA,NA,NA,NA,NA,NA,NA,NA,NA,NA,NA,NA,NA,NA,NA,NA,NA,NA,NA,NA,NA,NA,NA,NA,NA,NA,NA,NA,"0.0596275818902573",NA,"0.08",NA,"0.0354418944293775",NA,"0.17",NA,"0.0839",NA,"0.39",NA,"0.306809888829209",NA,"0.03",NA,"-0.184244499063672",NA,"0.24",NA,"-8.49338491581378e-05",NA,"0",NA,"0.0510049988119919",NA,"0",NA,"4.78450342713599e-05",NA,"0",NA,"0.000141415855941766",NA,"0.04",NA,"0.0709752688172026",NA,"0.05",NA,NA,NA,NA,NA,NA,NA,NA,NA
"2025-06-15 22:23:25","Observed","1","3","1_3","CC-CR",NA,NA,NA,NA,NA,NA,NA,NA,NA,NA,NA,NA,NA,NA,NA,NA,NA,NA,NA,NA,NA,NA,NA,NA,NA,NA,NA,NA,NA,NA,NA,NA,NA,NA,NA,NA,NA,NA,NA,NA,NA,NA,NA,NA,NA,NA,NA,NA,NA,NA,NA,NA,NA,NA,NA,NA,NA,NA,NA,NA,NA,NA,NA,NA,NA,NA,NA,NA,NA,NA,NA,NA,NA,NA,NA,NA,NA,"0.175645454545451",NA,"0.53",NA,"0.0357818181818164",NA,"0.12",NA,"0.0807060606060593",NA,"0.6",NA,"0.872157073695679",NA,"0.09",NA,"0.0474625468164741",NA,"0.02",NA,"-7.90582853568845e-05",NA,"0",NA,"0.060839707661915",NA,"0",NA,"-0.000193895148183208",NA,"0",NA,"0.000131996821925542",NA,"0.03",NA,"0.0715333333333298",NA,"0.05",NA,NA,NA,NA,NA,NA,NA,NA,NA
"2025-06-15 22:48:56","Observed","1","53","1_53","RR00-CR",NA,NA,NA,NA,NA,NA,NA,NA,NA,NA,NA,NA,NA,NA,NA,NA,NA,NA,NA,NA,NA,NA,NA,NA,NA,NA,NA,NA,NA,NA,NA,NA,NA,NA,NA,NA,NA,NA,NA,NA,NA,NA,NA,NA,NA,NA,NA,NA,NA,NA,NA,NA,NA,NA,NA,NA,NA,NA,NA,NA,NA,NA,NA,NA,NA,NA,NA,NA,NA,NA,NA,NA,NA,NA,NA,NA,NA,"0.0596275818902573",NA,"0.08",NA,"0.0354418944293775",NA,"0.17",NA,"0.0839",NA,"0.39",NA,"0.306809888829209",NA,"0.03",NA,"-0.184244499063672",NA,"0.24",NA,"-8.49338491581378e-05",NA,"0",NA,"0.0510049988119919",NA,"0",NA,"4.78450342713599e-05",NA,"0",NA,"0.000141415855941766",NA,"0.04",NA,"0.0709752688172026",NA,"0.05",NA,NA,NA,NA,NA,NA,NA,NA,NA
"2025-06-15 22:59:45","Observed","1","56","1_56","RR00-NT-CR",NA,NA,NA,NA,NA,NA,NA,NA,NA,NA,NA,NA,NA,NA,NA,NA,NA,NA,NA,NA,NA,NA,NA,NA,NA,NA,NA,NA,NA,NA,NA,NA,NA,NA,NA,NA,NA,NA,NA,NA,NA,NA,NA,NA,NA,NA,NA,NA,NA,NA,NA,NA,NA,NA,NA,NA,NA,NA,NA,NA,NA,NA,NA,NA,NA,NA,NA,NA,NA,NA,NA,NA,NA,NA,NA,NA,NA,"0.151485916962238",NA,"0.35",NA,"0.0411746296682675",NA,"0.28",NA,"0.0787666666666667",NA,"0.43",NA,"0.312365519096375",NA,"0.03",NA,"-0.156899578651686",NA,"0.22",NA,"-0.00014777048403858",NA,"0",NA,"-0.0108491413103267",NA,"0",NA,"6.56370487913947e-05",NA,"0",NA,"0.000199913473381385",NA,"0.08",NA,"-0.0497311827956995",NA,"0.03",NA,NA,NA,NA,NA,NA,NA,NA,NA
"2025-06-16 21:13:59","Observed","1","3","1_3","CC-CR",NA,NA,NA,NA,NA,NA,NA,NA,NA,NA,NA,NA,NA,NA,NA,NA,NA,NA,NA,NA,NA,NA,NA,NA,NA,NA,NA,NA,NA,NA,NA,NA,NA,NA,NA,NA,NA,NA,NA,NA,NA,NA,NA,NA,NA,NA,NA,NA,NA,NA,NA,NA,NA,NA,NA,NA,NA,NA,NA,NA,NA,NA,NA,NA,NA,NA,NA,NA,NA,NA,NA,NA,NA,NA,NA,NA,NA,"0.175645454545451",NA,"0.53",NA,"0.0357818181818164",NA,"0.12",NA,"0.0807060606060593",NA,"0.6",NA,"0.872157073695679",NA,"0.09",NA,"0.0474625468164741",NA,"0.02",NA,"-7.90582853568845e-05",NA,"0",NA,"0.060839707661915",NA,"0",NA,"-0.000193895148183208",NA,"0",NA,"0.000131996821925542",NA,"0.03",NA,"0.0715333333333298",NA,"0.05",NA,NA,NA,NA,NA,NA,NA,NA,NA
"2025-06-16 21:39:33","Observed","1","53","1_53","RR00-CR",NA,NA,NA,NA,NA,NA,NA,NA,NA,NA,NA,NA,NA,NA,NA,NA,NA,NA,NA,NA,NA,NA,NA,NA,NA,NA,NA,NA,NA,NA,NA,NA,NA,NA,NA,NA,NA,NA,NA,NA,NA,NA,NA,NA,NA,NA,NA,NA,NA,NA,NA,NA,NA,NA,NA,NA,NA,NA,NA,NA,NA,NA,NA,NA,NA,NA,NA,NA,NA,NA,NA,NA,NA,NA,NA,NA,NA,"0.0596275818902573",NA,"0.08",NA,"0.0354418944293775",NA,"0.17",NA,"0.0839",NA,"0.39",NA,"0.306809888829209",NA,"0.03",NA,"-0.184244499063672",NA,"0.24",NA,"-8.49338491581378e-05",NA,"0",NA,"0.0510049988119919",NA,"0",NA,"4.78450342713599e-05",NA,"0",NA,"0.000141415855941766",NA,"0.04",NA,"0.0709752688172026",NA,"0.05",NA,NA,NA,NA,NA,NA,NA,NA,NA
"2025-06-16 21:50:46","Observed","1","56","1_56","RR00-NT-CR",NA,NA,NA,NA,NA,NA,NA,NA,NA,NA,NA,NA,NA,NA,NA,NA,NA,NA,NA,NA,NA,NA,NA,NA,NA,NA,NA,NA,NA,NA,NA,NA,NA,NA,NA,NA,NA,NA,NA,NA,NA,NA,NA,NA,NA,NA,NA,NA,NA,NA,NA,NA,NA,NA,NA,NA,NA,NA,NA,NA,NA,NA,NA,NA,NA,NA,NA,NA,NA,NA,NA,NA,NA,NA,NA,NA,NA,"0.151485916962238",NA,"0.35",NA,"0.0411746296682675",NA,"0.28",NA,"0.0787666666666667",NA,"0.43",NA,"0.312365519096375",NA,"0.03",NA,"-0.156899578651686",NA,"0.22",NA,"-0.00014777048403858",NA,"0",NA,"-0.0108491413103267",NA,"0",NA,"6.56370487913947e-05",NA,"0",NA,"0.000199913473381385",NA,"0.08",NA,"-0.0497311827956995",NA,"0.03",NA,NA,NA,NA,NA,NA,NA,NA,NA
"2025-06-18 20:41:29","Observed","1","53","1_53","RR00-CR",NA,NA,NA,NA,NA,NA,NA,NA,NA,NA,NA,NA,NA,NA,NA,NA,NA,NA,NA,NA,NA,NA,NA,NA,NA,NA,NA,NA,NA,NA,NA,NA,NA,NA,NA,NA,NA,NA,NA,NA,NA,NA,NA,NA,NA,NA,NA,NA,NA,NA,NA,NA,NA,NA,NA,NA,NA,NA,NA,NA,NA,NA,NA,NA,NA,NA,NA,NA,NA,NA,NA,NA,NA,NA,NA,NA,NA,"0.0596275818902573",NA,"0.08",NA,"0.0354418944293775",NA,"0.17",NA,"0.0839",NA,"0.39",NA,"0.306809888829209",NA,"0.03",NA,"-0.184244499063672",NA,"0.24",NA,"-8.49338491581378e-05",NA,"0",NA,"0.0510049988119919",NA,"0",NA,"4.78450342713599e-05",NA,"0",NA,"0.000141415855941766",NA,"0.04",NA,"0.0709752688172026",NA,"0.05",NA,NA,NA,NA,NA,NA,NA,NA,NA
"2025-06-18 21:18:54","Observed","1","3","1_3","CC-CR",NA,NA,NA,NA,NA,NA,NA,NA,NA,NA,NA,NA,NA,NA,NA,NA,NA,NA,NA,NA,NA,NA,NA,NA,NA,NA,NA,NA,NA,NA,NA,NA,NA,NA,NA,NA,NA,NA,NA,NA,NA,NA,NA,NA,NA,NA,NA,NA,NA,NA,NA,NA,NA,NA,NA,NA,NA,NA,NA,NA,NA,NA,NA,NA,NA,NA,NA,NA,NA,NA,NA,NA,NA,NA,NA,NA,NA,"0.175645454545451",NA,"0.53",NA,"0.0357818181818164",NA,"0.12",NA,"0.0807060606060593",NA,"0.6",NA,"0.872157073695679",NA,"0.09",NA,"0.0474625468164741",NA,"0.02",NA,"-7.90582853568845e-05",NA,"0",NA,"0.060839707661915",NA,"0",NA,"-0.000193895148183208",NA,"0",NA,"0.000131996821925542",NA,"0.03",NA,"0.0715333333333298",NA,"0.05",NA,NA,NA,NA,NA,NA,NA,NA,NA
"2025-06-18 21:43:33","Observed","1","53","1_53","RR00-CR",NA,NA,NA,NA,NA,NA,NA,NA,NA,NA,NA,NA,NA,NA,NA,NA,NA,NA,NA,NA,NA,NA,NA,NA,NA,NA,NA,NA,NA,NA,NA,NA,NA,NA,NA,NA,NA,NA,NA,NA,NA,NA,NA,NA,NA,NA,NA,NA,NA,NA,NA,NA,NA,NA,NA,NA,NA,NA,NA,NA,NA,NA,NA,NA,NA,NA,NA,NA,NA,NA,NA,NA,NA,NA,NA,NA,NA,"0.0596275818902573",NA,"0.08",NA,"0.0354418944293775",NA,"0.17",NA,"0.0839",NA,"0.39",NA,"0.306809888829209",NA,"0.03",NA,"-0.184244499063672",NA,"0.24",NA,"-8.49338491581378e-05",NA,"0",NA,"0.0510049988119919",NA,"0",NA,"4.78450342713599e-05",NA,"0",NA,"0.000141415855941766",NA,"0.04",NA,"0.0709752688172026",NA,"0.05",NA,NA,NA,NA,NA,NA,NA,NA,NA
"2025-06-18 21:54:05","Observed","1","56","1_56","RR00-NT-CR",NA,NA,NA,NA,NA,NA,NA,NA,NA,NA,NA,NA,NA,NA,NA,NA,NA,NA,NA,NA,NA,NA,NA,NA,NA,NA,NA,NA,NA,NA,NA,NA,NA,NA,NA,NA,NA,NA,NA,NA,NA,NA,NA,NA,NA,NA,NA,NA,NA,NA,NA,NA,NA,NA,NA,NA,NA,NA,NA,NA,NA,NA,NA,NA,NA,NA,NA,NA,NA,NA,NA,NA,NA,NA,NA,NA,NA,"0.151485916962238",NA,"0.35",NA,"0.0411746296682675",NA,"0.28",NA,"0.0787666666666667",NA,"0.43",NA,"0.312365519096375",NA,"0.03",NA,"-0.156899578651686",NA,"0.22",NA,"-0.00014777048403858",NA,"0",NA,"-0.0108491413103267",NA,"0",NA,"6.56370487913947e-05",NA,"0",NA,"0.000199913473381385",NA,"0.08",NA,"-0.0497311827956995",NA,"0.03",NA,NA,NA,NA,NA,NA,NA,NA,NA
"2025-06-19 08:31:11","Observed","1","3","1_3","CC-CR",NA,NA,NA,NA,NA,NA,NA,NA,NA,NA,NA,NA,NA,NA,NA,NA,NA,NA,NA,NA,NA,NA,NA,NA,NA,NA,NA,NA,NA,NA,NA,NA,NA,NA,NA,NA,NA,NA,NA,NA,NA,NA,NA,NA,NA,NA,NA,NA,NA,NA,NA,NA,NA,NA,NA,NA,NA,NA,NA,NA,NA,NA,NA,NA,NA,NA,NA,NA,NA,NA,NA,NA,NA,NA,NA,NA,NA,"0.175645454545451",NA,"0.53",NA,"0.0357818181818164",NA,"0.12",NA,"0.0807060606060593",NA,"0.6",NA,"0.872157073695679",NA,"0.09",NA,"0.0474625468164741",NA,"0.02",NA,"-7.90582853568845e-05",NA,"0",NA,"0.060839707661915",NA,"0",NA,"-0.000193895148183208",NA,"0",NA,"0.000131996821925542",NA,"0.03",NA,"0.0715333333333298",NA,"0.05",NA,NA,NA,NA,NA,NA,NA,NA,NA
"2025-06-19 08:55:11","Observed","1","53","1_53","RR00-CR",NA,NA,NA,NA,NA,NA,NA,NA,NA,NA,NA,NA,NA,NA,NA,NA,NA,NA,NA,NA,NA,NA,NA,NA,NA,NA,NA,NA,NA,NA,NA,NA,NA,NA,NA,NA,NA,NA,NA,NA,NA,NA,NA,NA,NA,NA,NA,NA,NA,NA,NA,NA,NA,NA,NA,NA,NA,NA,NA,NA,NA,NA,NA,NA,NA,NA,NA,NA,NA,NA,NA,NA,NA,NA,NA,NA,NA,"0.0596275818902573",NA,"0.08",NA,"0.0354418944293775",NA,"0.17",NA,"0.0839",NA,"0.39",NA,"0.306809888829209",NA,"0.03",NA,"-0.184244499063672",NA,"0.24",NA,"-8.49338491581378e-05",NA,"0",NA,"0.0510049988119919",NA,"0",NA,"4.78450342713599e-05",NA,"0",NA,"0.000141415855941766",NA,"0.04",NA,"0.0709752688172026",NA,"0.05",NA,NA,NA,NA,NA,NA,NA,NA,NA
"2025-06-19 09:05:31","Observed","1","56","1_56","RR00-NT-CR",NA,NA,NA,NA,NA,NA,NA,NA,NA,NA,NA,NA,NA,NA,NA,NA,NA,NA,NA,NA,NA,NA,NA,NA,NA,NA,NA,NA,NA,NA,NA,NA,NA,NA,NA,NA,NA,NA,NA,NA,NA,NA,NA,NA,NA,NA,NA,NA,NA,NA,NA,NA,NA,NA,NA,NA,NA,NA,NA,NA,NA,NA,NA,NA,NA,NA,NA,NA,NA,NA,NA,NA,NA,NA,NA,NA,NA,"0.151485916962238",NA,"0.35",NA,"0.0411746296682675",NA,"0.28",NA,"0.0787666666666667",NA,"0.43",NA,"0.312365519096375",NA,"0.03",NA,"-0.156899578651686",NA,"0.22",NA,"-0.00014777048403858",NA,"0",NA,"-0.0108491413103267",NA,"0",NA,"6.56370487913947e-05",NA,"0",NA,"0.000199913473381385",NA,"0.08",NA,"-0.0497311827956995",NA,"0.03",NA,NA,NA,NA,NA,NA,NA,NA,NA
"2025-06-23 18:01:50","Observed","1","53","1_53","RR00-CR",NA,NA,NA,NA,NA,NA,NA,NA,NA,NA,NA,NA,NA,NA,NA,NA,NA,NA,NA,NA,NA,NA,NA,NA,NA,NA,NA,NA,NA,NA,NA,NA,NA,NA,NA,NA,NA,NA,NA,NA,NA,NA,NA,NA,NA,NA,NA,NA,NA,NA,NA,NA,NA,NA,NA,NA,NA,NA,NA,NA,NA,NA,NA,NA,NA,NA,NA,NA,NA,NA,NA,NA,NA,NA,NA,NA,NA,"0.0596275818902573",NA,"0.08",NA,"0.0354418944293775",NA,"0.17",NA,"0.0839",NA,"0.39",NA,"0.306809888829209",NA,"0.03",NA,"-0.184244499063672",NA,"0.24",NA,"-8.49338491581378e-05",NA,"0",NA,"0.0510049988119919",NA,"0",NA,"4.78450342713599e-05",NA,"0",NA,"0.000141415855941766",NA,"0.04",NA,"0.0709752688172026",NA,"0.05",NA,NA,NA,NA,NA,NA,NA,NA,NA
"2025-06-24 20:21:12","Observed","1","53","1_53","RR00-CR",NA,NA,NA,NA,NA,NA,NA,NA,NA,NA,NA,NA,NA,NA,NA,NA,NA,NA,NA,NA,NA,NA,NA,NA,NA,NA,NA,NA,NA,NA,NA,NA,NA,NA,NA,NA,NA,NA,NA,NA,NA,NA,NA,NA,NA,NA,NA,NA,NA,NA,NA,NA,NA,NA,NA,NA,NA,NA,NA,NA,NA,NA,NA,NA,NA,NA,NA,NA,NA,NA,NA,NA,NA,NA,NA,NA,NA,"0.0596275818902573",NA,"0.08",NA,"0.0354418944293775",NA,"0.17",NA,"0.0839",NA,"0.39",NA,"0.306809888829209",NA,"0.03",NA,"-0.184244499063672",NA,"0.24",NA,"-8.49338491581378e-05",NA,"0",NA,"0.0510049988119919",NA,"0",NA,"4.78450342713599e-05",NA,"0",NA,"0.000141415855941766",NA,"0.04",NA,"0.0709752688172026",NA,"0.05",NA,NA,NA,NA,NA,NA,NA,NA,NA
"2025-06-27 19:21:06","Observed","1","53","1_53","RR00-CR",NA,NA,NA,NA,NA,NA,NA,NA,NA,NA,NA,NA,NA,NA,NA,NA,NA,NA,NA,NA,NA,NA,NA,NA,NA,NA,NA,NA,NA,NA,NA,NA,NA,NA,NA,NA,NA,NA,NA,NA,NA,NA,NA,NA,NA,NA,NA,NA,NA,NA,NA,NA,NA,NA,NA,NA,NA,NA,NA,NA,NA,NA,NA,NA,NA,NA,NA,NA,NA,NA,NA,NA,NA,NA,NA,NA,NA,"0.0596275818902573",NA,"0.08",NA,"0.0354418944293775",NA,"0.17",NA,"0.0839",NA,"0.39",NA,"0.306809888829209",NA,"0.03",NA,"-0.184244499063672",NA,"0.24",NA,"-8.49338491581378e-05",NA,"0",NA,"0.0510049988119919",NA,"0",NA,"4.78450342713599e-05",NA,"0",NA,"0.000141415855941766",NA,"0.04",NA,"0.0709752688172026",NA,"0.05",NA,NA,NA,NA,NA,NA,NA,NA,NA
"2025-06-27 19:24:27","Observed","1","53","1_53","RR00-CR",NA,NA,NA,NA,NA,NA,NA,NA,NA,NA,NA,NA,NA,NA,NA,NA,NA,NA,NA,NA,NA,NA,NA,NA,NA,NA,NA,NA,NA,NA,NA,NA,NA,NA,NA,NA,NA,NA,NA,NA,NA,NA,NA,NA,NA,NA,NA,NA,NA,NA,NA,NA,NA,NA,NA,NA,NA,NA,NA,NA,NA,NA,NA,NA,NA,NA,NA,NA,NA,NA,NA,NA,NA,NA,NA,NA,NA,"0.0596275818902573",NA,"0.08",NA,"0.0354418944293775",NA,"0.17",NA,"0.0839",NA,"0.39",NA,"0.306809888829209",NA,"0.03",NA,"-0.184244499063672",NA,"0.24",NA,"-8.49338491581378e-05",NA,"0",NA,"0.0510049988119919",NA,"0",NA,"4.78450342713599e-05",NA,"0",NA,"0.000141415855941766",NA,"0.04",NA,"0.0709752688172026",NA,"0.05",NA,NA,NA,NA,NA,NA,NA,NA,NA
"2025-06-27 19:41:22","Observed","1","53","1_53","RR00-CR",NA,NA,NA,NA,NA,NA,NA,NA,NA,NA,NA,NA,NA,NA,NA,NA,NA,NA,NA,NA,NA,NA,NA,NA,NA,NA,NA,NA,NA,NA,NA,NA,NA,NA,NA,NA,NA,NA,NA,NA,NA,NA,NA,NA,NA,NA,NA,NA,NA,NA,NA,NA,NA,NA,NA,NA,NA,NA,NA,NA,NA,NA,NA,NA,NA,NA,NA,NA,NA,NA,NA,NA,NA,NA,NA,NA,NA,"0.0596275818902573",NA,"0.08",NA,"0.0354418944293775",NA,"0.17",NA,"0.0839",NA,"0.39",NA,"0.306809888829209",NA,"0.03",NA,"-0.184244499063672",NA,"0.24",NA,"-8.49338491581378e-05",NA,"0",NA,"0.0510049988119919",NA,"0",NA,"4.78450342713599e-05",NA,"0",NA,"0.000141415855941766",NA,"0.04",NA,"0.0709752688172026",NA,"0.05",NA,NA,NA,NA,NA,NA,NA,NA,NA
"2025-06-27 19:42:34","Observed","1","53","1_53","RR00-CR",NA,NA,NA,NA,NA,NA,NA,NA,NA,NA,NA,NA,NA,NA,NA,NA,NA,NA,NA,NA,NA,NA,NA,NA,NA,NA,NA,NA,NA,NA,NA,NA,NA,NA,NA,NA,NA,NA,NA,NA,NA,NA,NA,NA,NA,NA,NA,NA,NA,NA,NA,NA,NA,NA,NA,NA,NA,NA,NA,NA,NA,NA,NA,NA,NA,NA,NA,NA,NA,NA,NA,NA,NA,NA,NA,NA,NA,"0.0596275818902573",NA,"0.08",NA,"0.0354418944293775",NA,"0.17",NA,"0.0839",NA,"0.39",NA,"0.306809888829209",NA,"0.03",NA,"-0.184244499063672",NA,"0.24",NA,"-8.49338491581378e-05",NA,"0",NA,"0.0510049988119919",NA,"0",NA,"4.78450342713599e-05",NA,"0",NA,"0.000141415855941766",NA,"0.04",NA,"0.0709752688172026",NA,"0.05",NA,NA,NA,NA,NA,NA,NA,NA,NA
"2025-06-27 20:56:15","Observed","1","53","1_53","RR00-CR",NA,NA,NA,NA,NA,NA,NA,NA,NA,NA,NA,NA,NA,NA,NA,NA,NA,NA,NA,NA,NA,NA,NA,NA,NA,NA,NA,NA,NA,NA,NA,NA,NA,NA,NA,NA,NA,NA,NA,NA,NA,NA,NA,NA,NA,NA,NA,NA,NA,NA,NA,NA,NA,NA,NA,NA,NA,NA,NA,NA,NA,NA,NA,NA,NA,NA,NA,NA,NA,NA,NA,NA,NA,NA,NA,NA,NA,"0.0596275818902573",NA,"0.08",NA,"0.0354418944293775",NA,"0.17",NA,"0.0839",NA,"0.39",NA,"0.306809888829209",NA,"0.03",NA,"-0.184244499063672",NA,"0.24",NA,"-8.49338491581378e-05",NA,"0",NA,"0.0510049988119919",NA,"0",NA,"4.78450342713599e-05",NA,"0",NA,"0.000141415855941766",NA,"0.04",NA,"0.0709752688172026",NA,"0.05",NA,NA,NA,NA,NA,NA,NA,NA,NA
"2025-06-27 21:18:36","Observed","1","53","1_53","RR00-CR",NA,NA,NA,NA,NA,NA,NA,NA,NA,NA,NA,NA,NA,NA,NA,NA,NA,NA,NA,NA,NA,NA,NA,NA,NA,NA,NA,NA,NA,NA,NA,NA,NA,NA,NA,NA,NA,NA,NA,NA,NA,NA,NA,NA,NA,NA,NA,NA,NA,NA,NA,NA,NA,NA,NA,NA,NA,NA,NA,NA,NA,NA,NA,NA,NA,NA,NA,NA,NA,NA,NA,NA,NA,NA,NA,NA,NA,"0.0596275818902573",NA,"0.08",NA,"0.0354418944293775",NA,"0.17",NA,"0.0839",NA,"0.39",NA,"0.306809888829209",NA,"0.03",NA,"-0.184244499063672",NA,"0.24",NA,"-8.49338491581378e-05",NA,"0",NA,"0.0510049988119919",NA,"0",NA,"4.78450342713599e-05",NA,"0",NA,"0.000141415855941766",NA,"0.04",NA,"0.0709752688172026",NA,"0.05",NA,NA,NA,NA,NA,NA,NA,NA,NA
"2025-06-27 21:38:23","Observed","1","56","1_56","RR00-NT-CR",NA,NA,NA,NA,NA,NA,NA,NA,NA,NA,NA,NA,NA,NA,NA,NA,NA,NA,NA,NA,NA,NA,NA,NA,NA,NA,NA,NA,NA,NA,NA,NA,NA,NA,NA,NA,NA,NA,NA,NA,NA,NA,NA,NA,NA,NA,NA,NA,NA,NA,NA,NA,NA,NA,NA,NA,NA,NA,NA,NA,NA,NA,NA,NA,NA,NA,NA,NA,NA,NA,NA,NA,NA,NA,NA,NA,NA,"0.151485916962238",NA,"0.35",NA,"0.0411746296682675",NA,"0.28",NA,"0.0787666666666667",NA,"0.43",NA,"0.312365519096375",NA,"0.03",NA,"-0.156899578651686",NA,"0.22",NA,"-0.00014777048403858",NA,"0",NA,"-0.0108491413103267",NA,"0",NA,"6.56370487913947e-05",NA,"0",NA,"0.000199913473381385",NA,"0.08",NA,"-0.0497311827956995",NA,"0.03",NA,NA,NA,NA,NA,NA,NA,NA,NA
"2025-06-27 22:52:07","Observed","1","3","1_3","CC-CR",NA,NA,NA,NA,NA,NA,NA,NA,NA,NA,NA,NA,NA,NA,NA,NA,NA,NA,NA,NA,NA,NA,NA,NA,NA,NA,NA,NA,NA,NA,NA,NA,NA,NA,NA,NA,NA,NA,NA,NA,NA,NA,NA,NA,NA,NA,NA,NA,NA,NA,NA,NA,NA,NA,NA,NA,NA,NA,NA,NA,NA,NA,NA,NA,NA,NA,NA,NA,NA,NA,NA,NA,NA,NA,NA,NA,NA,"0.175645454545451",NA,"0.53",NA,"0.0357818181818164",NA,"0.12",NA,"0.0807060606060593",NA,"0.6",NA,"0.872157073695679",NA,"0.09",NA,"0.0474625468164741",NA,"0.02",NA,"-7.90582853568845e-05",NA,"0",NA,"0.060839707661915",NA,"0",NA,"-0.000193895148183208",NA,"0",NA,"0.000131996821925542",NA,"0.03",NA,"0.0715333333333298",NA,"0.05",NA,NA,NA,NA,NA,NA,NA,NA,NA
"2025-06-27 23:45:35","Observed","1","53","1_53","RR00-CR",NA,NA,NA,NA,NA,NA,NA,NA,NA,NA,NA,NA,NA,NA,NA,NA,NA,NA,NA,NA,NA,NA,NA,NA,NA,NA,NA,NA,NA,NA,NA,NA,NA,NA,NA,NA,NA,NA,NA,NA,NA,NA,NA,NA,NA,NA,NA,NA,NA,NA,NA,NA,NA,NA,NA,NA,NA,NA,NA,NA,NA,NA,NA,NA,NA,NA,NA,NA,NA,NA,NA,NA,NA,NA,NA,NA,NA,"0.0596275818902573",NA,"0.08",NA,"0.0354418944293775",NA,"0.17",NA,"0.0839",NA,"0.39",NA,"0.306809888829209",NA,"0.03",NA,"-0.184244499063672",NA,"0.24",NA,"-8.49338491581378e-05",NA,"0",NA,"0.0510049988119919",NA,"0",NA,"4.78450342713599e-05",NA,"0",NA,"0.000141415855941766",NA,"0.04",NA,"0.0709752688172026",NA,"0.05",NA,NA,NA,NA,NA,NA,NA,NA,NA
"2025-06-27 23:57:04","Observed","1","56","1_56","RR00-NT-CR",NA,NA,NA,NA,NA,NA,NA,NA,NA,NA,NA,NA,NA,NA,NA,NA,NA,NA,NA,NA,NA,NA,NA,NA,NA,NA,NA,NA,NA,NA,NA,NA,NA,NA,NA,NA,NA,NA,NA,NA,NA,NA,NA,NA,NA,NA,NA,NA,NA,NA,NA,NA,NA,NA,NA,NA,NA,NA,NA,NA,NA,NA,NA,NA,NA,NA,NA,NA,NA,NA,NA,NA,NA,NA,NA,NA,NA,"0.151485916962238",NA,"0.35",NA,"0.0411746296682675",NA,"0.28",NA,"0.0787666666666667",NA,"0.43",NA,"0.312365519096375",NA,"0.03",NA,"-0.156899578651686",NA,"0.22",NA,"-0.00014777048403858",NA,"0",NA,"-0.0108491413103267",NA,"0",NA,"6.56370487913947e-05",NA,"0",NA,"0.000199913473381385",NA,"0.08",NA,"-0.0497311827956995",NA,"0.03",NA,NA,NA,NA,NA,NA,NA,NA,NA
"2025-06-28 00:50:55","Observed","1","53","1_53","RR00-CR",NA,NA,NA,NA,NA,NA,NA,NA,NA,NA,NA,NA,NA,NA,NA,NA,NA,NA,NA,NA,NA,NA,NA,NA,NA,NA,NA,NA,NA,NA,NA,NA,NA,NA,NA,NA,NA,NA,NA,NA,NA,NA,NA,NA,NA,NA,NA,NA,NA,NA,NA,NA,NA,NA,NA,NA,NA,NA,NA,NA,NA,NA,NA,NA,NA,NA,NA,NA,NA,NA,NA,NA,NA,NA,NA,NA,NA,"0.0596275818902573",NA,"0.08",NA,"0.0354418944293775",NA,"0.17",NA,"0.0839",NA,"0.39",NA,"0.306809888829209",NA,"0.03",NA,"-0.184244499063672",NA,"0.24",NA,"-8.49338491581378e-05",NA,"0",NA,"0.0510049988119919",NA,"0",NA,"4.78450342713599e-05",NA,"0",NA,"0.000141415855941766",NA,"0.04",NA,"0.0709752688172026",NA,"0.05",NA,NA,NA,NA,NA,NA,NA,NA,NA
"2025-06-28 01:19:47","Observed","1","3","1_3","CC-CR",NA,NA,NA,NA,NA,NA,NA,NA,NA,NA,NA,NA,NA,NA,NA,NA,NA,NA,NA,NA,NA,NA,NA,NA,NA,NA,NA,NA,NA,NA,NA,NA,NA,NA,NA,NA,NA,NA,NA,NA,NA,NA,NA,NA,NA,NA,NA,NA,NA,NA,NA,NA,NA,NA,NA,NA,NA,NA,NA,NA,NA,NA,NA,NA,NA,NA,NA,NA,NA,NA,NA,NA,NA,NA,NA,NA,NA,"0.175645454545451",NA,"0.53",NA,"0.0357818181818164",NA,"0.12",NA,"0.0807060606060593",NA,"0.6",NA,"0.872157073695679",NA,"0.09",NA,"0.0474625468164741",NA,"0.02",NA,"-7.90582853568845e-05",NA,"0",NA,"0.060839707661915",NA,"0",NA,"-0.000193895148183208",NA,"0",NA,"0.000131996821925542",NA,"0.03",NA,"0.0715333333333298",NA,"0.05",NA,NA,NA,NA,NA,NA,NA,NA,NA
"2025-06-28 01:45:26","Observed","1","53","1_53","RR00-CR",NA,NA,NA,NA,NA,NA,NA,NA,NA,NA,NA,NA,NA,NA,NA,NA,NA,NA,NA,NA,NA,NA,NA,NA,NA,NA,NA,NA,NA,NA,NA,NA,NA,NA,NA,NA,NA,NA,NA,NA,NA,NA,NA,NA,NA,NA,NA,NA,NA,NA,NA,NA,NA,NA,NA,NA,NA,NA,NA,NA,NA,NA,NA,NA,NA,NA,NA,NA,NA,NA,NA,NA,NA,NA,NA,NA,NA,"0.0596275818902573",NA,"0.08",NA,"0.0354418944293775",NA,"0.17",NA,"0.0839",NA,"0.39",NA,"0.306809888829209",NA,"0.03",NA,"-0.184244499063672",NA,"0.24",NA,"-8.49338491581378e-05",NA,"0",NA,"0.0510049988119919",NA,"0",NA,"4.78450342713599e-05",NA,"0",NA,"0.000141415855941766",NA,"0.04",NA,"0.0709752688172026",NA,"0.05",NA,NA,NA,NA,NA,NA,NA,NA,NA
"2025-06-28 01:56:23","Observed","1","56","1_56","RR00-NT-CR",NA,NA,NA,NA,NA,NA,NA,NA,NA,NA,NA,NA,NA,NA,NA,NA,NA,NA,NA,NA,NA,NA,NA,NA,NA,NA,NA,NA,NA,NA,NA,NA,NA,NA,NA,NA,NA,NA,NA,NA,NA,NA,NA,NA,NA,NA,NA,NA,NA,NA,NA,NA,NA,NA,NA,NA,NA,NA,NA,NA,NA,NA,NA,NA,NA,NA,NA,NA,NA,NA,NA,NA,NA,NA,NA,NA,NA,"0.151485916962238",NA,"0.35",NA,"0.0411746296682675",NA,"0.28",NA,"0.0787666666666667",NA,"0.43",NA,"0.312365519096375",NA,"0.03",NA,"-0.156899578651686",NA,"0.22",NA,"-0.00014777048403858",NA,"0",NA,"-0.0108491413103267",NA,"0",NA,"6.56370487913947e-05",NA,"0",NA,"0.000199913473381385",NA,"0.08",NA,"-0.0497311827956995",NA,"0.03",NA,NA,NA,NA,NA,NA,NA,NA,NA
"2025-06-28 09:58:04","Observed","1","53","1_53","RR00-CR",NA,NA,NA,NA,NA,NA,NA,NA,NA,NA,NA,NA,NA,NA,NA,NA,NA,NA,NA,NA,NA,NA,NA,NA,NA,NA,NA,NA,NA,NA,NA,NA,NA,NA,NA,NA,NA,NA,NA,NA,NA,NA,NA,NA,NA,NA,NA,NA,NA,NA,NA,NA,NA,NA,NA,NA,NA,NA,NA,NA,NA,NA,NA,NA,NA,NA,NA,NA,NA,NA,NA,NA,NA,NA,NA,NA,NA,"0.0596275818902573",NA,"0.08",NA,"0.0354418944293775",NA,"0.17",NA,"0.0839",NA,"0.39",NA,"0.306809888829209",NA,"0.03",NA,"-0.184244499063672",NA,"0.24",NA,"-8.49338491581378e-05",NA,"0",NA,"0.0510049988119919",NA,"0",NA,"4.78450342713599e-05",NA,"0",NA,"0.000141415855941766",NA,"0.04",NA,"0.0709752688172026",NA,"0.05",NA,NA,NA,NA,NA,NA,NA,NA,NA
"2025-06-28 13:46:51","Observed","1","53","1_53","RR00-CR",NA,NA,NA,NA,NA,NA,NA,NA,NA,NA,NA,NA,NA,NA,NA,NA,NA,NA,NA,NA,NA,NA,NA,NA,NA,NA,NA,NA,NA,NA,NA,NA,NA,NA,NA,NA,NA,NA,NA,NA,NA,NA,NA,NA,NA,NA,NA,NA,NA,NA,NA,NA,NA,NA,NA,NA,NA,NA,NA,NA,NA,NA,NA,NA,NA,NA,NA,NA,NA,NA,NA,NA,NA,NA,NA,NA,NA,"0.0596275818902573",NA,"0.08",NA,"0.0354418944293775",NA,"0.17",NA,"0.0839",NA,"0.39",NA,"0.306809888829209",NA,"0.03",NA,"-0.184244499063672",NA,"0.24",NA,"-8.49338491581378e-05",NA,"0",NA,"0.0510049988119919",NA,"0",NA,"4.78450342713599e-05",NA,"0",NA,"0.000141415855941766",NA,"0.04",NA,"0.0709752688172026",NA,"0.05",NA,NA,NA,NA,NA,NA,NA,NA,NA
"2025-06-28 14:09:00","Observed","1","53","1_53","RR00-CR",NA,NA,NA,NA,NA,NA,NA,NA,NA,NA,NA,NA,NA,NA,NA,NA,NA,NA,NA,NA,NA,NA,NA,NA,NA,NA,NA,NA,NA,NA,NA,NA,NA,NA,NA,NA,NA,NA,NA,NA,NA,NA,NA,NA,NA,NA,NA,NA,NA,NA,NA,NA,NA,NA,NA,NA,NA,NA,NA,NA,NA,NA,NA,NA,NA,NA,NA,NA,NA,NA,NA,NA,NA,NA,NA,NA,NA,"0.0596275818902573",NA,"0.08",NA,"0.0354418944293775",NA,"0.17",NA,"0.0839",NA,"0.39",NA,"0.306809888829209",NA,"0.03",NA,"-0.184244499063672",NA,"0.24",NA,"-8.49338491581378e-05",NA,"0",NA,"0.0510049988119919",NA,"0",NA,"4.78450342713599e-05",NA,"0",NA,"0.000141415855941766",NA,"0.04",NA,"0.0709752688172026",NA,"0.05",NA,NA,NA,NA,NA,NA,NA,NA,NA
"2025-06-28 15:17:08","Observed","1","3","1_3","CC-CR",NA,NA,NA,NA,NA,NA,NA,NA,NA,NA,NA,NA,NA,NA,NA,NA,NA,NA,NA,NA,NA,NA,NA,NA,NA,NA,NA,NA,NA,NA,NA,NA,NA,NA,NA,NA,NA,NA,NA,NA,NA,NA,NA,NA,NA,NA,NA,NA,NA,NA,NA,NA,NA,NA,NA,NA,NA,NA,NA,NA,NA,NA,NA,NA,NA,NA,NA,NA,NA,NA,NA,NA,NA,NA,NA,NA,NA,"0.175645454545451",NA,"0.53",NA,"0.0357818181818164",NA,"0.12",NA,"0.0807060606060593",NA,"0.6",NA,"0.872157073695679",NA,"0.09",NA,"0.0474625468164741",NA,"0.02",NA,"-7.90582853568845e-05",NA,"0",NA,"0.060839707661915",NA,"0",NA,"-0.000193895148183208",NA,"0",NA,"0.000131996821925542",NA,"0.03",NA,"0.0715333333333298",NA,"0.05",NA,NA,NA,NA,NA,NA,NA,NA,NA
"2025-06-28 15:59:42","Observed","1","53","1_53","RR00-CR",NA,NA,NA,NA,NA,NA,NA,NA,NA,NA,NA,NA,NA,NA,NA,NA,NA,NA,NA,NA,NA,NA,NA,NA,NA,NA,NA,NA,NA,NA,NA,NA,NA,NA,NA,NA,NA,NA,NA,NA,NA,NA,NA,NA,NA,NA,NA,NA,NA,NA,NA,NA,NA,NA,NA,NA,NA,NA,NA,NA,NA,NA,NA,NA,NA,NA,NA,NA,NA,NA,NA,NA,NA,NA,NA,NA,NA,"0.0596275818902573",NA,"0.08",NA,"0.0354418944293775",NA,"0.17",NA,"0.0839",NA,"0.39",NA,"0.306809888829209",NA,"0.03",NA,"-0.184244499063672",NA,"0.24",NA,"-8.49338491581378e-05",NA,"0",NA,"0.0510049988119919",NA,"0",NA,"4.78450342713599e-05",NA,"0",NA,"0.000141415855941766",NA,"0.04",NA,"0.0709752688172026",NA,"0.05",NA,NA,NA,NA,NA,NA,NA,NA,NA
"2025-06-28 16:35:08","Observed","1","56","1_56","RR00-NT-CR",NA,NA,NA,NA,NA,NA,NA,NA,NA,NA,NA,NA,NA,NA,NA,NA,NA,NA,NA,NA,NA,NA,NA,NA,NA,NA,NA,NA,NA,NA,NA,NA,NA,NA,NA,NA,NA,NA,NA,NA,NA,NA,NA,NA,NA,NA,NA,NA,NA,NA,NA,NA,NA,NA,NA,NA,NA,NA,NA,NA,NA,NA,NA,NA,NA,NA,NA,NA,NA,NA,NA,NA,NA,NA,NA,NA,NA,"0.151485916962238",NA,"0.35",NA,"0.0411746296682675",NA,"0.28",NA,"0.0787666666666667",NA,"0.43",NA,"0.312365519096375",NA,"0.03",NA,"-0.156899578651686",NA,"0.22",NA,"-0.00014777048403858",NA,"0",NA,"-0.0108491413103267",NA,"0",NA,"6.56370487913947e-05",NA,"0",NA,"0.000199913473381385",NA,"0.08",NA,"-0.0497311827956995",NA,"0.03",NA,NA,NA,NA,NA,NA,NA,NA,NA
"2025-06-29 10:25:16","Observed","1","53","1_53","RR00-CR",NA,NA,NA,NA,NA,NA,NA,NA,NA,NA,NA,NA,NA,NA,NA,NA,NA,NA,NA,NA,NA,NA,NA,NA,NA,NA,NA,NA,NA,NA,NA,NA,NA,NA,NA,NA,NA,NA,NA,NA,NA,NA,NA,NA,NA,NA,NA,NA,NA,NA,NA,NA,NA,NA,NA,NA,NA,NA,NA,NA,NA,NA,NA,NA,NA,NA,NA,NA,NA,NA,NA,NA,NA,NA,NA,NA,NA,"0.0596275818902573",NA,"0.08",NA,"0.0354418944293775",NA,"0.17",NA,"0.0839",NA,"0.39",NA,"0.306809888829209",NA,"0.03",NA,"-0.184244499063672",NA,"0.24",NA,"-8.49338491581378e-05",NA,"0",NA,"0.0510049988119919",NA,"0",NA,"4.78450342713599e-05",NA,"0",NA,"0.000141415855941766",NA,"0.04",NA,"0.0709752688172026",NA,"0.05",NA,NA,NA,NA,NA,NA,NA,NA,NA
